_id,review
1,음 시험범위가 악질이다.. 라는 평으로 점수가 낮길래 듣기전에 많이 걱정했습니다 근데 솔직히 그정도는 아닙니다 다른 전공 과목에 비해 오히려 양이 적다고 생각합니다 공부하면 다 풀수 있는 문제이기도 하구요 다만 저는 이해안되는학점 내주시는 방식과 유명한 최악의 강의력으로 1점 드립니다~
2,학점미화가 돼서 2점.. 이지만 살인적인 시험범위와 이해가 안되는 강의는 정말 1학기동안 너무 힘들었어요 제일 힘들게한 과목이었어요.. 유기화학 처음 듣는 입장으로서 힘들었습니다
3,뭐랄까...생각보다 그렇게 괴랄하진 않았어요. 처음 3주 정도는 아 이게 바로 평점 1점대 과목의 어려움이구나 했는데....한시간 짜리 강의 세시간동안 보면 이해가 되더라고요 중간 이후부터는 적응이 돼서 시간 좀 덜들고...신기한거 배운거 같아요.그렇게 쓸모없는 시간은 아니었던것 같습니다.과제는 없고 시험 두번으로 치릅니다.
4,역씌 미경이다~ 뭐 그렇게 말 할 수가 있겠어요~성균제일 유기 래퍼 초대 우승자 답게 누구보다 빠르게 남들과는 다르게 맥머리 속독을 시전하는 모습 아주 보기 좋다~ 뭐 이렇게 말할 수 가 있겠어요~강의력은 안드로메다 범위는 저 세상 시험문제는 노뜬금 그저 삼위일체다 뭐 그렇게 말할 수가 있죠잉 그죠잉~뭐 이런 수업이 다 있나 하는 그런 생각이 들게 하는 수업이라 그저 머리를 탁 치고 갈 수 밖에 없는 그런 수업이다라고 할 수 있게쓰영
5,과목 자체가 저에게 너무 힘들었습니다. 공부 어떻게 해야할지 몰라서 좀 헤매고 학점은 잘 주시는 것 같은데 개인적으로 너무 힘든 과목이었습니다.
6,강의력 매우 bad 인강강사들도 40분 설명해야 할 내용을 10분안에 설명하시려는 느낌. 얻어간게 없다... 미래에 대한 설계와 전공에 대해 다시 생각해볼 수 있었던 과목이었습니다.
7,유기화학 입문자로 힘들었지만 학점은 다 채워주시는듯하다
8,다시는 듣고싶지 않다. 무엇을 배웠는가....기억나는 것도  없고. 정말  도움이  되지않았다. 범위는  정말 레전드다. 공부를 하지않아도  1학기 내내  날 너무 괴롭혔다.  공부를 하면  정말  어디서부터 해야할지  감이 안잡힐정도로  정말  방대한 양이었다.
9,유기화학이란 무엇인지 아직도 잘 모르겠다. 수업을 아무리 듣고 또 들어도 이해할 수 없어서 전공이라는 것은 참 어렵구나..생각을 했음. 생각했던 것보다 학점이 잘 나와서 학점은 잘 챙겨주신 것 같음.
10,"유기화학을 처음 접한 입장에서, 시험범위가 매우 많아 공부하기 버거울 정도였습니다. 강의 도중 공부를 어떻게 방향을 잡고 해야 하는 지, 반응의 메커니즘은 어떤 지에 관한 설명이 매우 부족했기에 공부하기도 어려웠습니다. 하지만 학점비율은 제대로 다 채워주셔서 학점느님은 맞지만, 시험 기간 때 가장 골머리를 앓았던 과목입니다.."
11,분명히 수업을 들었는데 도저히 이해 불가라 포기. 기말 범위는 유기화학 처음 접한 사람 입장에서 그냥 불가능에 가까웠음.
12,"강의력이 무척 안 좋으신건 확실하다. 유기화학의 매커니즘을 그냥 읽어주신다. 후반부는 조금 나아졌으나 중간범위까지 유튜브 추가영상이 과도하게 큰 비중을 차지했다고 생각한다. 정말 심각한건 시험범위다. 맥머리 유기화학 24단원까지가 기말 범위였는데, 아캠 영향인지 중간범위를 일부 포함해서 시험을 봤다. 문제는 중간고사 범위에서 생략한 부분이 꽤 있다는 것인데, 그 부분을 개인적으로 공부하지 않으면 유기화학을 처음 배우는 학생 입장에서 뒷부분 내용을 따라가기가 어렵다. 이번학기 제일 힘들었던 과목이고 수강한 걸 엄청 후회한다. 재수강도 하고싶지 않은 과목이다."
13,진도빼기에 급급해서 그저 쓱 읽고 지나가는 것이 전부이다. 강의에서 배운것보다 유튭으로 공부한 것이 훨씬 많다.
14,"일단 모든 강의가 아캠으로 진행되기 때문에 실강과는 많이 다를 수 있다. 개인적으로 학점은 모르겠지만 일단 강의력은 많이 안좋으시다. 유기화학의 특성상 외울게 많은것은  사실이나, 수업의 90%가 그냥 그려진 화학 반응식을 그대로 읽는것이다. 어떠한 화학 반응이 어째서 일어나고 반응의 의의는 교과서에 명시가 되있음에도 불구하고 수업에서는 이에 대한 설명이 없으시고 진도를 나가는데에만 급급해하신다. 매 수업 느끼는 것이지만 진도에 너무 집착하여 설명은 부실하고 시험 분량만 많아지는 느낌. 많은것을 배우지만 정작 학생 입장에서는 남는게 없는 수업이다."
15,학기 중에 듣는 건 씹헬일 거 같은데 계절은 은근 꿀강이었음. 일단 선대랑 코딩을 아는 사람에 한해서 수업은 절대 들을 필요 없고 매일 30분만 투자해서 게시글 쓰거나 댓글 달면 됨. 레포트가 중간에 200페이지 기말엔 여기에 100페이지 추가해서 총 300페이지가 나왔는데 이중 295페이지 정도는 무지성 복붙이니 걱정할 필요없음.좀 모순적인게 강의저장만으로 3학점짜리 양인데 매주 실강이 따로 있음. 그리고 이 실강이 진짜 지옥인데1. 랜덤으로 학생 한 명 찝어서 자기가 방금 한 말이나 오늘 한 실강 내용 요약해서 올리라고 함. 이거 걸리는 거 만큼 ㅈ같은 게 없음.2. 밉보이면 ㅈㄴ꼽줌. 수업 참여 좀 안했다고 실명 언급하면서 꼽주더니 번호 달라해서 개인적으로 연락해서 또 꼽준 거 같음.3. 실강 시간이 기약없이 길어짐. 길게는 2시간도 했음. ㄹㅇ 강의시간만으로 5학점 채운듯함4. 실강 때 지 맘대로 채점 기준 바꿈. 성적 기준도 바꾸고 기한도 바꾸고 다 지 맘대로임. 대신 실력이 좀 부족한 사람한텐 좋은듯.이 실강만 버틴다면 그래도 할만 함. 율전러들한테 유리하단걸 자기도 아는지 고루고루 챙겨가려는 느낌이 강한듯. 절대평가 느낌인데 에쁠은 잘 줌
16,계절학기 수강. 학점 잘받고 싶은 인문캠학생들은 들으면 절대 안됨. 실제로도 에이쁠은 자연캠 학생이 많이 받아감.자연캠 학생들은 선대 쫌 알면 수업 많이 쉬움.과제가 쫌 귀찮긴한데 밑대글에서 말한것 처럼 별거없음.
17,"겨울계절수강별점 5개로 평가했는데, 무조껀 14일 안에 끝나는 계절학기 기준임, 도전학기나 일반학기면 별점 0.1도 아까움. 왜냐, 수업에 대한 접근 자체가 굉장히굉장히 독특함. 그동안 듣던 수업처럼 강의를 듣고 실력을 키워서 시험에서 증명하는 방식이 아니라, 교수님의 눈에 “참여를 얼마나 열심히 하느냐”가 모든 평가의 기준임. 그래서 애초에 수업 내용이 행렬이랑 파이썬 조금만 알아도 누구나 할 수 있을정도로 얕은 수준임. 뭔가를 배워갈 생각 없고, 요령껏 시간투자 해서 학점 꿀빨고 가고싶다면 강추함. 여기서 요령껏 시간투자라는게 아캠 문의게에 토론이나 연습문제 풀이를 올리라고 하는데 솔직히 수준 개낮아서 게시글 하나 쓰는데 20분도 안걸림.  난 14일까지의 강의 영상 중 첫날 15분짜리 하나 듣고 아무 강의도 안들었음. 대신 문의게에 게시글 간간히 올리고, 다른 사람들 게시글에 댓글 하루에 세네개씩 달아주고, 레포트 작성할때 저 게시물들 무지성 복붙하면 됨. 이렇게하면 매일 20분정도 연습문제+문의게 커뮤질에 시간 투자, 중간,기말 레포트(중간에 기말 내용을 덧붙이는 형식)에 30분 투자해서 A받았고 배워가는건 아무것도 없다. 본인이 제도의 허점 이용같은거 잘 하는데, 꿀빨수있는 수업 찾고있다면 꼭 이걸로 핵균 채우셈"
18,ㅋㅋㅋㅋ겨울 계절로 들었는데 진짜 뒤통수 후끈해서 춥다는 생각이 안든다.밤 새워서 난잡한 공지 양식 해독해가며 의미없는 보고서 적어 냈더니 뜬금없이 중간보고서  제출일 다음날 미반영 선언 시작해서 줄 수 있는 학점 꽉 채우겠다고 호언장담 하더니 결국엔 자기 맘에 안든다 싶으면 신상 박아놓고 예상학점에 d나f를 공언하는 상남자 이상구와리가리로 따지면 지관 앞 딸배들은 상구형님과 견주려면 백년은 이르다. 말년에 아무생각없이 졸업하려고 듣는 중인데 이상구니에스타 공지 팬텀드리블 때문에 연말까지 너무 어지럽다.
19,도전학기 수강.그냥 수강하지마셈.3학점 꽁으로 얻으면서 교양도 채울 수 있네? 라고 들었다가 그대로 포기하고 F받음.다른 교수님 수업으로 재수강할 예정. 특히 지우개도 없는 학번들은 그냥 수강신청하지마셈..이거 들을바에야 추가학기 다닐듯.
20,도전학기 수강 교수님 강의 방식이 중구난방이여서요 방식을 제대로 이해 못 하면 개어려워요근데 이해하면 문제풀이도 안 해도 되고 수학개념에 대해 고찰하면 돼서 도전학기에 알맞는 수업이에요학기 중에는 힘들 것 같아요필자는 문과생인데 솔직히 이상구 교수님 수업 듣길 너무 잘 했다고 생각중이에요어려워서 방학 내내 우울했지만 정말 배운 게 많았어요성균관대의 헤르미온느다 싶으면 수강하세요저는 어려운 수업을 만나면 희열을 느끼는 사람이여서 그래요대학 와서 학업이 뭔지 수학을 어떻게 대해야 하는지 깊게 생각하고 토론할 수 있는 수업입니다 :-)
21,"도전학기 수강자. 수강철회 안한걸 뼈져리게 후회함.1. 한 문장 안에서 색깔도 다르고 글자크기도 달라서 읽기 힘듬. 심지어 ... 도 많아서 이해하는 것도 힘듬. 공지, 게시판에 구분없이 올라옴. 게시판 페이지 넘겨가며 자주 확인안하면 놓칠 수 있음. 게시판 활동 너무 쌓여서 로딩시간 오래 걸리는 건 덤.2. 중간, 퀴즈 기한을 마음대로 늘림. 이미 한 사람은 뭐가 되는지 모르겠음.3. 실강 시간을 게시판 글 하나로 정함. 애초에 수강신청 할때 실강이 있는지조차 몰랐지만 게시판에 글 띄우고 실강하려고 하는데 안되는 시간 있으면 댓글 남겨달라고 함. 일단 70명 듣는 수업에서 이런 글을 쓴게 당황스러웠음. 밑져야 본전이라는 생각으로 안되는 시간 적었는데 그대로 픽스됨. 4. 중간에 성적 오류 난 사람이 엄청 많았음. 그냥 제대로 확인 안하고 공지한거라고 생각이 들 정도.. 교수님이 절평에서 상평으로 바뀐것도 모르고 계셨음.5. 실강에서 준비 안된 학생에게 발표시킴. 본인 6주차때 발표영상 제출해서 편안하게 듣고 있었는데 마지막 실강때 웹엑스 비공개메세지로 5분 발표하라고 해서 꾸역꾸역 하긴 함. 다만 발표 점수 엄청 낮아서 학점 기대 못함. 무슨 기준으로 시키신 건지 모르겠음. + 지목해서 질문없냐고 해놓고 질문 없다고 하면 원래는 감점이라고 말함.  본인이 떳떳하게 모든 수업내용을 성실히 따라갈 생각이라면 배워갈게 많을수도 있겠지만 그정도 열정이라면 뭘해도 많이 배울것 같으니 답답함과 현타를 느낄바엔 그냥 지나치시는걸 추천 드립니다."
22,"1. 공지사항을 올리지만, 그 글을 확인하는 거 어려움. 이해하는 건 더 고난이도. 2. 인문학 강의도 아니고, 느낀 점만 몇 페이지씩 쓰길 바라심. 심지어 후반부에는 교수님 학습방식에 대해 토의도 하라고 하심. 3. 과제가 미친 듯이 많음. (최소 얼마나 하라는 말은 없는데, 남들이 많이 하니 적게 하면 점수 좋게 못 받음. 레포트 기본으로 100쪽은 넘겨야됨) 근데 형식도 없고, 채점 기준도 명확한지 솔직히 잘 모르겠음. (사람 한 명당 100쪽씩 되는 레포트를 제출하는데 성적이 12시간도 채 안돼서 나옴. 안 읽는 듯.)4. 과제 하는 방식이 교수님의 학습 방식대로 하는 것임. 각 개인에게 그런 스타일이 맞는지 아닌지에 대한 관심은 없으신 듯. 그냥 본인의 방식이 최고라는 확신이 있는 듯. 레포트 제출할 때 느낀 점 대충 적고, 학습한 내용 피땀 흘려가면서 적었는데, 성적받고 현타옴. 만약 이 강의를 듣게 된다면 교수님 찬양하는 글이랑 교수님을 만나뵙고 변화된 나의 삶을 적으면 에이쁠 받으실 듯."
23,"이상구 교수님의 인공지능을위한기초수학.학교를 다니면서 들었던 수업 중에 수업 방식이 가장 복잡했던 수업이다.하지만 그만큼 배운것도 많았던 수업이다.문과생 출신으로서 선형대수학을 본 강좌에서 처음 배웠고, 미적분과 확통도 오랜만에 보았다.7주 안에 선대, 미적분학, 확률통계, 인공지능 진도를 모두 나간다.양이 많지만 이 모든 것을 한 강의에 모두 들을 수 있다는 장점이 있다.진도가 빠르고 과제도 많기에 시간을 많이 투자해야 하지만 수학 노베 문과생인 나도 충분히 따라갈 수 있는 수준의 내용이다.도전학기로 수강하는 것을 추천한다.학기에 듣는다면 스트레스를 많이 받을 것이다.도전학기에 이 한 과목만 집중한다는 자세로 임한다면 수학 또는 인공지능 노베인 사람들도 충분히 가능할 것이다.특히 도전학기는 시험도 팀플도 없다. 과제와 보고서 제출만 있다.빡세지만 얻어 가는 건 많은 수업이라고 생각한다.중간에 포기하는 학생들도 많기에 학점도 교수님의 요구대로 작성하면 잘 나온다.성실함을 레포트를 통해 보여주는 것이 중요한 것 같다."
24,"니들 자꾸 이상구 교수님 욕하는데, 교수님이 무슨 잘못이 있다고 그렇게들 까내림?Webex 미팅에서 학생 이름을 호명해가면서 공개적으로 창피를 주기라도 함?학교 측 지시사항도 제대로 체크 안 해서 마지막 주에 평가 기준을 절평에서 상평으로 급커브하기라도 함?자기 실책에 대한 사과 하나 없이 40%까지 가능한 A를 35%로 축소하기를 함?학기 초에 QnA 활동이 주 3~4회면 충분할거라 해놓고 막상 그렇게 하니까 B도 간당간당 하기라도 함?반복해서 과제 deadline을 지 맘대로 몇 주 씩 연장하기라도 함?아니면 강의 자료는 가독성 졸라 떨어지면서 최종 보고서에는 readability를 요구하기라도 함?문의게시판 한 페이지 로딩이 3분이 넘어갈 때까지 아무런 조치를 안 취하기라도 함?발표 준비도 안 된 학생에게 갑작스럽게 발표를 요구하기라도 함?빅데이터를 다루는 강의를 하면서 정작 학생들 성적 데이터도 관리 못해 몇 번이나 이의제기를 했어야 하기라도 함?공지를 이 게시판 저 게시판에 분산투자 해놔서 하나하나 페이지 넘겨가며 찾아야 하기라도 함?3주차까지 QnA 활동에 대한 제대로 된 설명도 없다가 4주차에 중간 레포트를 작성하게 하기라도 함?사이비 교주 마냥 본인과 수업 내용에 대한 칭찬이 나올 때까지 학생들한테 말을 시킴?교수님께서 너희들에게 완전히 새로운 혁신적인 수업방식을 가르쳐 주시려 한 건데 함부로 말하지들 말자;;P.S. 도전학기 수강자다. 대학 다니면서 그간 그지같다는 교수들 꽤나 많이 만나봤다고 자부해왔는데, 역시 세상은 넓고 심연은 깊기만 하다. 이전까지는 고난과 역경이 찾아오더라도 어금니 꽉 깨물고 버텨내면 결국 좋은 결과가 찾아왔었는데 내가 세상을 너무 쉽게 생각한 듯하다. 20년도 도전학기 때는 절대평가라 학점이 그나마 좀 후했나보다. 그러나 과거는 과거일 뿐, 혹 수강 철회 기간에 드랍을 못했다면 그냥 재수강을 노려라. 마음에 여유가 없어지고 분노만 가득 차는데 주변 사람들에게도 피해만 끼칠 뿐이다. 에타에 신세한탄 하지 마라. 같이 수강한 동기 놈이 글 한 번 올렸다가 A 35퍼면 허벌 학점인데 찡얼거린다는 둥 욕만 잔뜩 먹었다. 다시 말하지만 다른 수업과는 학점 비율 체감이 다르다. 본 수업을 들어야만 이 말을 이해하겠지만 내 글을 읽고 있는 당신 만큼은 평생 이해하지 못하였으면 한다. 사랑한다. 행복해라."
25,"도전학기로 들었는데 철회할걸 그랬다.1. 공지가 색색깔의 RGB 색상으로 올라와서 눈이 아프고 가독성이 떨어진다. (+ 수많은 ^^ 들)내용은 일관성이 없고 모호한 표현으로 뒤덮여서 매번 공지를 해석해야함.상대평가였다가 절대평가였다가 수강하는 동안에만 말이 대여섯 번은 바뀜.발표 영상만 올리면 된다는 건지 시간은 언제까지인지 실시간 시험인건지 아닌건지... 못알아듣겠음.공지 카테고리에만 올라오는 것도 아니고 문의게시판과 열린게시판에도 올라와서 공지 종종 놓침.2. 과제는 학기 끝날 때까지 보고서의 내용을 추가하고 수정하면 끝 (+발표 영상)그런데 그 과제도 형식이 체계성이 1도 없음.우선 아이캠퍼스 문의게시판에 자신이 공부한 개념 정리나 실습, 질문 등을 올리고 다른 학생들이 내용을 추가하고 적절히 틀이 완성되면 finalize를 할 수 있음. 교수님이 판단하시기에 내용이 완전하면 final OK사실 저는 finalize하라는 것도 대체 무슨 내용인지 알아들을 수 없어서 다른 학생들 하는 것 보고 눈치껏 따라함.(문의게시판에 글이 쌓이면 로딩이 엄청나게 걸리고 나중에 열린게시판으로 옮기지만 마찬가지. 70명 학우들의 글을 서로서로 보고 첨언하는 이상적인 모습을 원하시는 듯 하나 로딩창 보면 없던 병도 생김)그리고 그런 내용들(final OK 중심으로)을 모아 보고서만 쓰면 끝 ^^하지만 공지에도 RGB 색상을 즐겨 쓰시더니 보고서도 그런 보고서는 처음 봄.제출하는 것도 4주차에 중간점검차 한 번, 끝날 때 7주차 즈음 한 번 제출하라시더니 6주차에도 또 내야했음양은 100장 ~ 200장 정도?그런데 보고서를 제대로 읽으시는 것 같진 않아서 내용을 적절히 채우고 느낀점 위주로 써도 어느정도 점수는 받을 수 있다.발표도 선택이라고 하시더니 선택 아니고 필수. 발표 안하면 학점 단계가 떨어짐(B+ -> B).3. 성적은 CDF가 30%아직 성적 받기 전이라서 어떨지는 모르겠지만 도전학기임에도 불구하고 상대평가. 이미 도망칠 이유가 충분함.그런데 교수님도 그 사실을 뒤늦게 아심.킹고엠 메세지로 상대평가라고 와서 알고는 있었지만 교수님께서 수업 시작 즈음에 절대평가이니 성적 걱정 말라고 하셨는데그러다가 조교님께선 상대평가라고 하시고교수님께선 뒤늦게 이제와서야 학기중에 수업 듣는 학생들과의 형평성을 고려해 원래 상대평가다 라고 말을 바꾸심.최종 성적은 A 35% B 35% CDF 30%일 예정이라는데중간에 런 하신 분들도 많아서 그런 분들은 F를 받게 되고 어떻게든 내용 채워서 내면 B 정도는 받는 듯... <- 다시 말하면 런하신 분들이 30퍼는 된다는 뜻4. 아직 성적이 안나와서 잘은 모르겠지만- 웹엑스: 주말이든 언제든 교수님이 가능한 시간에 갑자기 웹엑스 한다고 공지하기(네 번 정도 함). 웹엑스에서 갑자기 호명한 후 질문하지 않으면 원래는 감점이라고 하기.- 출석: 웹엑스에서 출석 못한 학생들은 공개처형하기. 그렇지만 출석 기한을 끝도 없이 늘려줘서 제 시간에 출석한 사람들 바보 만들기.- 전공? 1학년?: 전공에서 제일 잘 한 학생과 1학년 중 계열에서 제일 잘 한 학생은 A. ????? 실제 성적이 어떻게 나올진 모르겠지만 이게 무슨....- 유튜브: 교수님 유튜브 채널에 학생 발표 영상(얼굴 포함 여부 상관없이) 박제하기사실 교수님이 뭘 요구하시는건지 모르겠고.... 정말 열심히 하셔서 좋은 성적 받아가시는 분들도 계시지만 제 공부 방법과는 상관없이 교수님의 방식만을 강요하시고 교수님의 방법으로 성장한 것을 교수님 찬양과 함께 증명해야하는 수업."
26,"도전학기로 들었다.필교 영역이랑 ai품 학점 채울 수 있어서 들었는데과오를 범했다...가 아니라 걍 도망쳐야 되는 수준이다.중간 성적을 이름학년학과까지 다 공개해서 공지함ㅋㅋ이런 꼰대 교수를 다 봤나레포트는 두번 쓰는데 각 주마다 게시판에서 활동한거 모아서 제출하는 건데 100쪽은 되어야 만족을 하신다.안 넘기면 발표 동영상 제출하라고 독촉하신다.물론 동영상은 선택이지만 중간땐 안하고 기말땐 했더니 점수차가 많이 난다.레포트는 심지어 직접 자세히 읽어보시는 것도 아니고 게시판 활동량이랑 페이지 수, 느낀 점만 확인하시는듯 하다.학점을 잘 받는다 하더라도 미화가 1도 안 될것 같은 과목이다.얻는게 1도 없었고 100% B까지 줄수있는 코로나 시국에 수강생 35%에게 반드시 C,D,F를 선사할거라며 선전포고하셨다.3학점짜리 과목이라는 사실을 도저히 믿을수가 없다.""이상9학점"""
27,도전학기로 수강성적받기전에 글씁니다아래댓글 도대체 왜 갓상구? 이해를 못하겠음질의응답 강요때문에 할거 개많고매일매일 큐엔에이 게시판 보는거 진짜 노이로제 올것같음중간보고서 1차 내고나서 받은 점수 2차에 수정해준다길래 현재 수정하고 있는데 이의신청 안하면 점수 업데이트 1도 안되어있어서 일일이 이의신청 해야함제발 듣지마...족히 한 6학점은 되는 수업대학와서 들은 수업중 젤 후회되는 수업이다
28,그저 갓.. 상.. 구  모든게 이 세글자 안에 담겨져있다.아래에 쓰인 강의평들은 자기만 꿀빨려고 하는 이기적인 욕심이다. 이 강의를 들으려고 하는 학우들에게 적극 추천한다. 삶에도 아주 유용하게 많은 도움이 되니 꼭 수강하길 권장한다.
29,도전학기 수강자입니다. 한 거에 비해 성적을 아주 잘 받았기 때문에 5점을 줬습니다. 도전학기는 절대평가에 조별과제가 없었어서 수월했던 것 같긴 합니다. 딱 교수님이 원하시는 것만 하면 성적 잘 받을 수 있는 것 같아요. 매주 일정한 과제가 있지만 자신 공부한 것을 보여주기만 하면 됩니다. 시험이 없기 때문에 공부 자체를 아주 열심히 할 필요는 없었습니다. 대신에 이 수업을 통해 얻은 것은 딱히 없었네요.
30,"도전학기 기준으로 오히려 개 꿀인 수업입니다. ""내가 열심히 공부하고있다""라는걸 잘 보여주기만 하면 좋은성적을 받아 가실 수 있습니다. 물론 도전학기를 정규학기처럼 여러 수업을 들으시는 분들께는 매우 피곤할 수는 있습니다. 교수님께서도 교양인 만큼 여러 전공자들이 있어 지식수준이 편차가 크기때문에 이 수업을 통해 얻은것들의 양과 질을 통해 성적을 부여하신다고 하셨습니다."
31,다섯글자요약 : 이상'9'학점입니다그냥 뒤로가기 누르세요
32,인공지능수업아니고 선형대수학수업임진짜진짜진짜진짜진짜열심히 하면 도움이됨근데 그정도면 어떤과목을 하든 도움이 될듯별점이 왜이런지 궁금하면 이상구 교수님 검색해서 다른과목도 보면 됨
33,"작성할 말이 없어서 별 말을 안적었는데 강평이 삭제당했다. 과제 많고 조모임 많고 학점은 F폭격기인 것을 보면 알겠지만 아무리 들을 과목이 없어도 이 과목을 들어서는 안된다. 아니 이 교수가 한 수업은 들으면 안된다는 말이 더 정확할 것 같다. 매 주마다 무슨 궁금한 것도 없는데 QnA를 3개 이상 올리라고 하질 않나, 안 올리면 아래 강평처럼 친절하게 협박을 해준다. (본인도 당했다) 최종적으로 수업을 나온사람이 10댓 명인것 같은데 (참고로 50명 정도에서 시작해서, 26명이 최종 수강신청을 했음을 잊지말자.) 아마 나머지 사람들은 전부 F를 주지 않았을까 싶다. 과목명만 보고 인공지능이나 본인이 수학을 아무리 좋아한다고 해도 이 과목은 쳐다도 보지 말자. 마지막으로 그렇다고 끝까지 따라가면 학점을 잘주냐?? 그것도 아닌 것 같다. 상식적으로 26명중 10명 정도만 남으면 다들 최소 B+이상은 보장을 해주고 A이상을 대부분 줘야 겠다는 것이 인간으로서의 도리이고 상식이지만 이 사람은 상식을 파괴한다. 사실 이따위 수업에 강평을 이렇게 길게 쓰는 것도 시간 낭비지만 절대 절대 절대로 듣는 사람이 생기지 않았으면 하는 바람이다."
34,우리 학교 강의 중 이 강의 이 교수만한 강의는 없을것이라고 자부함. 1점보다 낮게줄 수 없다는사실이 원통하며 교양주제에 시키는건 너무많음 수강철회를 하지못한 내 자신에게 분노가 치밀어오름. 다음학기부터 아이캠으로 바꾼다고했으나 이 교수의 특성상 어이가없는 과제특성과 과제량은 변하지않을것임. 수학과목이라고 하지만 정작 수학에 관련한 시험도없으며 과제도 수학과는 관련이없음. 그렇다고 또 인공지능에 관해 배우느냐?? 아님. 절대아님. 인공지능에 관해 배울 수 있다고 착각하고있으면 당장 수강찰회하셈 ㅎ 구글링하는게 훨씬 더 이득임. 강의력도 최악인수준이며 배워가는건 우리학교에 이런 교수가 있으며 피할 수 있으면 무조건 피해야한다는 사실임. 아 그리고 과제안하면 매우 친절하게도 전화를하며 과제안하면 에프준다고 협박많이함. 꼰대기질도 상당하여 평가도 본인맘대로. 평소 맘에안드는 인간이있으면 이 강의를 적극 추천하시오.
35,"교수 강의력 별로고, 쓸모없는 과제가 산더미 같이 쏟아짐"
36,절대 듣지 마세요 이거 수강철회 못하고 학기가 꼬임교수님 과제 뇌절이 환상적인 주제에 학점은 존나게 짬
37,"코로나학기라, 중간,기말없이 과제로 이루어져 진행되었습니다. 맞춤법관한 과제랑, 기말문집과제였는데 미리미리 준비하셨으면 좋겠습니다."
38,"중간고사 대체과제, 기말고사 마지막 문집으로 평가합니다! 기말고사 시즌이 조금 힘들지만 시험 끝난후 일주일 더 시간 주셔서 그때하면 생각보다 다른 시험이 영향 안가요! 저는 에이 받았는데, 중간 대체 과제로 맞춤법 틀린 것 찾기 오프라인 으로 많이 찾으면 성적 더 잘 받았을 것 같아요! 남들 의통 오프라인할때 온라인 해서 편했고 마지막 문집 제외하면 과제도 없어서 좋았습니다~"
39,코로나 학기라 온라인 수업이었는데 수업 정말 하나도 안들음. 중간고사 대체과제는 좀 걱정했는데 인터넷에서도 찾을 수 있어서 시험보는 것보다 훨씬 널널했음. 과제는 매주 그냥 아 이걸 해야하는구나~ 하고 대충 정리해놓고 나중에 몰아서 함. 마지막 문집 제출할 때 과제파트는 매주 대충 정리해놓은거 참고해서 쓰고 자전소설은 분량 딱 맞춰서 냈는데 에이쁠받음. 개인면담 할 때 교수님 정말 친절하셨고 문제점을 딱딱 알기좋게 말해주셔서 그거 다 반영해서 문집 제출했음.
40,진짜 화가 나구요 수강신청 하지 마세요 여러분 진짜 과제 안 밀리고 분량도 차고 넘치고 완전 열심히 했는데 그냥 테러당하고 학점 제가 한 학기 통틀어서 가장 열심히했는데 진짜 진이 빠지네요 이건 에쁠 받아도 똑같이 말씀드렸을 것 같아요 듣지 마세요. 진짜 경고했어요.
41,"*우선 저는 A+를 받았습니다.*수업/강의력: 솔직히 거의 안들었습니다. 기말 되어서야 과제의 직접적인 예시와 설명이 있는 강의들만 찾아서 들었습니다. 그래서 강의력은 잘 모르겠지만 교수님은 수업에 열정적이신 것 같아요.중간(대체과제): 제가 수강했던 학기에는 맞춤법 시험을 보진 않았고, 길거리나 시장 등을 돌아다니면서 틀린 맞춤법 사진을 30장 이상 찍어서 옳게 고치는 과제로 대체했습니다. 번거롭긴 했는데 그닥 어렵진 않았습니다. 기간을 꽤 주시는데 저는 거의 하루 이틀만에 다 했습니다.기말(문집): 성적을 잘받았음에도 5점을 꽉 채우지 않은 이유입니다. 저는 개인적으로 기말 문집 작성하는게 좀 빡세다고 느꼈어요. 미리미리 하시면 전혀 부담 안되지만 한번에 하려면 좀 까다로워요. 자전 소설 작성 이전에 교수님과 면담을 진행하는데, 그때 본인이 원하시는 스타일을 조금 짚어주십니다. (문체, 어휘 표현 등) 그거 잘 캐치하셔야해요! 저는 거기서 감 잡고 교수님 입맛에 맞춰서 문집 작성했더니 점수 잘 받은 것 같습니다. 자전 소설은 분량보다는 내용을 중시하시는 것 같은데 저는 개인적으로 못썼다고 생각했으나 교수님 마음에는 들었던 모양이에요.. 이 기준은 잘 모르겠네요. 종강도 다른 교수님들보다 늦고 기말 과제 양이 좀 많아서 힘들었던 기억은 학점으로도 미화가 잘 되지 않네요. 하지만 교수님은 자체는 좋으신 분 것 같아요. 창의력도 좋고, 글 쓰는 거 자신있다 하시는 분들께 추천합니다."
42,"글 좀 쓴다+뭘 배울 생각 없다+학점 쉽게 따고 싶다+강의 듣기 귀찮다+시험 치기 싫다 면 강추입니다.본인 15주차동안 과제 설명 빼고 강의 안 듣고, 과제 면담 하루 전에 몰아서 썼는데 평소에 글을 써본 문과생이라면 그다지 양 많지 않습니다. 마지막에 자전 소설도 내 이야기이기 때문에 금방 다 씁니다. 전 오히려 다른 과제 꾸준히 많고 강의 들어야하고 중간고사 있는 강의들보다 훨씬 만족해서 들은 것 같네요. 면담 때 교수님도 정말 친절하셨고, 전반적으로 학생들을 배려해주십니다. 추천합니다!"
43,"코로나학기라 온라인 면담할 때 교수님 처음 뵀는데 되게 친절하셨어요. 수강신청할 때 1순위에 뒀던 수업 수강신청 실패하고 들었는데 강의평에 과제 많다는 말들 보고 좀 걱정했어요. 기말 대체로 문집형태로 그동안 썼던 글들을 묶어서 제출해야해서 나중에 몰아서 하려면 당연히 부담도 커지고 양도 되게 많게 느껴질 거에요. 미리미리 해두면 괜찮으실 것 같고, 이 정도면 다른 교수님들 과제랑 양은 비슷하거나 오히려 적을 수도 있어요! 중간 대체과제로 일상생활 속 틀린 맞춤법 찾아서 보고서 제출하는게 있었는데, 직접 발품 삼아서 조사하시면 더 점수 잘 주시는 것 같아요. 기말 대체과제는 자전소설쓰기, 희망전공관련 보고서 2개에요! 성실하게 글 쓰면 점수는 잘 주세요!"
44,AH… 과제 밀리면 답없어요. 진짜요. ~찾아보기 요런거 말고 나의 정체성부터는 미리미리 해놓으세요. 미리 생각이라도 안하면 나중에 힘들어요ㅠㅠ 중간은 생활 속 틀린 맞춤법 찾는건데 저는 직접 돌아다니면서 채웠더니 인터넷이나 책에서의 사례를 안넣었다고 깍여서 사례 다양성에도 주의하셔야될 것 같아요. 기말 문집은 진짜 답이 없는데 제출 전에 교수님이랑 면담 한번 하는데 거기서도 뭔가 건설적인 의견은 하나도 안주시고 괜찮다 이정도면 잘했다 하셔서 저는 제가 잘쓴줄 알았죠.. 학점도 늦게 나오고 메세지도 안보시더군요ㅠㅠ 혼자 알아서 잘할 자신 있으면 수강하셔도 좋습니다
45,"과제 개애애애애 많아요 처음에는 아예 없는줄 알꺼에요 기말에 죽고 싶지않으면 미리미리 하세요^^사람은 좋아보이시는데 강의가 진짜 지루하고 기말고사 채점 기준도 하나도 모르겠어요,, 중간에 개별상담으로 피드백 주신거 다 반영해도 학점 잘 주시진 않는거 같아요"
46,하.... 정말 열심히 한 과목이고 과제도 꼬박꼬박 중간대체고ㅏ제도 분량 넘치게 꽉꽉 채워 썼는데제 학점 왜 이모냥인가요도덕책.. 도대체 why..교수님 수업은 재미있고 유쾌하고..그렇지만 학점은 그렇지 못하답니다
47,"중간대체과제는 책,인터넷,동네 등에서 틀린 맞춤법 찾고 고친거 보고서 작성하기입니다 별로 어렵진않아요 그리고 기말은 기말문집을 제출하는걸로 대체하는데 전체 주제는 자신의 이야기를 쓰는것입니다 (중간에 희망전공보고서 있는데 이건 거의 비슷할것같네요)제 생각으로는 문집 내용 중 가장 변별력 있는게 자전소설같아요 자신의 이야기를 창의적으로 잘 담아낼 수 있는 소재라..에이쁠 비율 꽉 채워주시지는 않으니 분량도 넘칠 정도로 쓰는 게 좋아요 전 50장 정도 썼고 제 이야기를 많이 녹여내고자 노력했더니 쁠 달아주셨네요 자신의 이야기를 쓰고싶지 않고 이야기로 풀어내기가 힘드실 것 같다면 강의를 추천드리고 싶지는 않습니다 전 강의가 너무 좋아서 만족도도 높네요 참고로 문집은 꾸준히 조금씩이라도 쓰세요! 막판에 시험이랑 겹치면 힘듭니다.."
48,"과제가 정체성, 사전, 연표, 소설, 보고서로 총 5개의 글쓰기 과제와 중간 대체 과제로 맞춤법을 찾아다니는 게 있었습니다. 글쓰기 과제는 한 주에 하나꼴이라서 밀리면 기말 시즌이랑 겹쳐서 정말 정말 힘듭니다. 하지만 반대로 미리 미리 해놓으면 최종 제출일도 넉넉해서 그렇게 힘들지는 않을 겁니다. 시험도 없었고 문집, 출석으로만 성적이 결정됩니다. 저는 '저의' 이야기를 창의적인 접근 방식으로 글을 쓸 수 있다는 게 정말 좋았습니다. 제 이야기는 꾸며낼 필요도 없고 솔직하게 쓰면 되는 거니까요. 저는 그점이 정말로 좋아서 과제가 많아도 감내할 수 있었습니다. 자신의 이야기를 글로 쓰고 싶은 분, 과제 양이 많아도 미리 미리 하시는 분들이 들으시면 좋을 것 같습니다."
49,과제양이 어마어마 합니다. 시험기간하고 겹친다면.... 하나는 버려야한다 교수님은 좋습니다... 시험은 없어요
50,교수님 유쾌하세요....근데 과제는 진짜....ㅋㅋㅋㅋㅋㅋㅋ글쓰는거 좋아하시는 분들은 추천합니다
51,힘들다...교수님 과제가 너무 많아요...고통의 연속...미루면 더 지옥
52,"말그대로 자아성찰 좋아하는 분에게 추천합니다. 자신이 살아온 과정을 표로 정리하고 이걸 소설로 만들고 싶은 분, 동네 간판 오탈자 를 돌아다니면서 찾고 싶은 분, 강의를 잘 안듣는 분에게는 좋은 강의라고 생각합니다."
53,자아성찰하고 싶으신 분들에게 추천과제 많은 거 싫으시면 비추 과제..너무..많단 말이야..미리 안하면 패닉 옴
54,시간을 되돌릴 수 있다면 수강신청일로 다시 돌아가고싶습니다 과제 정말 많습니다
55,하…. 과제 장난 아닙니다. 2학기에 영발이랑 겹치니까 죽을 맛이네요 과제 싫고 귀찮은 거 싫으신 분은 절대 추천드리지 않습니다. 자아 성찰이 좋고 글쓰기에 낭만이 있으시다면 추천합니다. 원 없이 글 쓸 수 있어요
56,코로나 학기라 풀 온라인이어서 수업을 듣지 않아도 되었다는게 제일 큰 장점이다. 과제 때문에 돌아다녀야 하긴 하지만 그 대신 시험이 없다는 것이 장점인듯. 문집제출이 학기말에 있는데 미리미리 안하면 양이 꽤 많다.
57,"코로나 펜데믹이었는데 간판 오타난거 찍으라고 해서 동네 3 곳은 돌았어요, 그리고 다 찍고 나니까 기준을 바꿔서 절반이 날라갔어요 기말 과제도 많고 별로..."
58,"명강의입니다. 글쓰기 수업을 학점을 받기 위해서 듣고자 하는 분이 아니고, 나에 대해서 깊게 고민해보고 싶으신 분들께 강추드립니다. 글을 쓰는 과정에서 본인의 인생을 성찰할 수 있어서 아주 좋았습니다.다만, 매주 과제가 있는데 그때그때 검사하는 것이 아니라 학기 말에 한 번에 제출하기때문에 과제를 미루게 되면 정말 힘듭니다. 그때그때 하는 습관을 갖고 있다면 추천드립니다."
59,교수님 정말 착하시고 학생을 정말 좋아하시는 것 같습니다. 어느 정도 성실히만 하면 이보다 더 좋은 개꿀강 없을 것 같아요. 과제는 평타
60,과제많다고 하는데 생각보다 많이 없어요 학점도 생각보다 잘주시고 개꿀 창글수업이라고 생각합니다.
61,S...T...A...Y 과제가 너무 많습니다.
62,분량 딱채워서냈는데 A받음싸강으로들어서 개꿀강
63,한학기 내내 조금씩 작성한 문집을 최종과제로 제출하는걸 생각하면 과제가 그리 많지는 않습니다. 자신에 대해 고찰하는 걸 좋아하는 편이라 내용은 재밌었어요. 학점은 중간대체과제에서 까인건지 글이 별로였던건지는 모르겠지만 비쁠이어서 아쉽습니다. ㅠㅠ
64,수업은 재미없지만 나름 꿀강아캠으로 들어서 꽤 꿀강ㅇ었ㅁ다
65,"교수님은 쾌활하시고 좋은 분이었지만 솔직히 수업 재미없었습니다. '나' 자신만이 가진 특별한 인생을  글로 적는게 수업 메인인데 뭐 워낙 평범한 인생을 살아 쓸게 별로 없어서 하루만에 대충 적었는데 그래도 에이0 받았습니다. 아마 특별하지 않아도 어디서 좀 베낀 듯한 글솜씨로 이리저리 적으면 그래도 점수는 주시는 것 같습니다.글 잘쓰는 학우분들은 글빨로 승부하면 대충 에이는 받을 수 있는 과목이라 생각합니다. 에이쁠은 그 이상(양,창의성, 간결한논리전개)이 당연히 필요하고요. '올 ㅋ 나 좀 특별한데' 싶은 학우분들께 추천드립니다."
66,제대로된 수업한번 빡시게 들어보고 싶고 글쓰기에 요행없이 내실있게 원없이 써보고싶은 분들만 들으세요 미루면 망한다는 말 많은데 안미뤄도 일단 힘듭니다... 할거 넘많음요 ㅠ 그래도 열심히 하면 에이쁠 주십니다 ㅎㅎㅎ
67,1.. 죽어도 스토는 하기 싫다.2.. 과제가 많은 걸 즐긴다.3. 나에 대한 끝없는 고찰을 해 보고 싶다.4. 후한 학점까지는 바라지 않는다.이런 사람들에게 추천. 일단 과제도 많긴 하지만 결국 이 강의의 무서운 점은 과제의 최대 분량이 정해져 있지 않다는 점이다. 글쓰기 실력이 아주 월등한 경우라면 또 모르겠지만(다른 사람들 글을 못 봐서 파악 불가) A0 이상을 노린다면 교수닝이 정해주시는 최소 분량만 지키는 건 비추. 안전하게 가려면  적어도 1.5배는 쓰자.
68,"코로나 학기. 과제가 천문학적으로 많다는건 해당주차 과제들을 모아서 문집으로 만들기 때문, 즉 미리미리 해두면 문제 없지만 나중에 몰아서 하면 개망하는겁니다. 그리고 그게 바로 나..중간고사 대체과제는 직접 돌아다녀야 해서 부담스럽긴했지만 어려운 과제는 아니었다는 점. 중간과 기말과제에 대한 피드백은 좀 아쉽긴 했지만 오프라인일땐 어떨지 잘 모르겠음. 개인적으로 수업내용 (대충 언어철학, 맞춤법 강의,  글쓰기- '나'를 중심) 들은 전부 유용하고 의미있었다고 생각합니다. 이번 학기에는 맞춤법 부담이 크지 않아서 그런 걸 수도 있지만 뭐 언젠가 한번은 알아둬야 할 지식이니 오프수업때도 시험기간에 열심히 공부하면 큰 문제 없을 것 같아요. 맞춤법 공부해야하는건 모든 창글 수업 공통사항이니까,, 교수님 자체는 정말 좋으신 분이고 평소에 문학적인 글쓰기 좋아하신다면 잘 맞는 강의가 되실 겁니다. 뭔가 마지막 강의에 되게 좋은 말씀 하셔서 감동받았는데 기억은 안나네요;; 하여튼 교수님은 참 성격 좋고 개인적으로 친해지고 싶었던 교수님이었습니다. 강평 보고 본인에게 잘 맞을 것 같다 싶으면 충분히 선택할 만한 강의인 것 같네요."
69,"솔직히 강의 자체가 흥미로운 편은 아님. 그래도 글쓰기와 맞춤법에 대해 학생들이 쉽게 이해할 수 있도록 설명해주신 점이 좋았음. 필자는 코로나 학기 수강생으로, 중간고사는 일상생활에서 틀린 맞춤법 30개 찾기, 기말고사는 문집 대체 였음. 일단 중간고사부터가 쉽지 않음. 필자는 시장을 돌아다니며 30개를 다 찾았으나 왜 맞춤법이 틀린 것인지에 대한 이해도가 부족하다는 피드백을 받았음. 그리고 문집은 한 5개의 분야에 대한 글을 쓰는 것인데 괜히 천문학적인 양이라고 불리는게아님. 매주 썼음에도 불구하고 제출 전 날 밤을 샜음. 결과적으로 47장을 제출했는데 창의력이 부족하다는 이유로 A0 받음. 5점을 다 주기에는 다소 안타까운 강의인 것 같음."
70,학점 기준을 잘 모르겠음딴건 다 모르겠고 기말 과제가  천문학적인 양임...그냥 평균 분량으로 레포트 30페이지 이상 나옴ㅋㅋ과제 감당가능하시면 신청하셔요
71,기말 문집 과제가 양이 많은 편이에요 미리미리한다면 양이 많다고 느껴지진 않지만요ㅎㅎ 이번 학기는 중간고사 대체 과제였어요! 이것도 미리미리 하신다면 할 만합니다. 과제에 피드백도 해주시고 좋아요! 학생들 이해하기 쉽도록 설명도 세세하게 해주신답니당
72,정말...정말 과제가 많음. 평소에 미루지 않고 바로 끝내는 사람은 예외. 하지만 미룬다면 지옥을 보게 될 것임...  중간고사 대체 과제도 분량이 매우 많았음. 나에 대해서 생각해보고싶은 사람에게는 흥미로운 강좌.
73,중간고사인데 벌써 대체과제 난이도가 높다. 맞춤법 시험을 일상생활 속 틀린 한글맞춤법 과제로 대체 했는데 30장 찍어가야하고 신분증이나 학생증 보이게 찍어서 피피티로 파일 만들어서 제출해야됨. 생각보다 맞춤법 틀린 간판이 없어서 하루 종일 돌아다녀야 겨우 반 채움.
74,수업은 편하게 들을 수 있었지만 과제가 너무 많았어요......
75,"맞춤법 중간고사 자전소설, 나의연표, 사전 쓰면 모든 과제가 끝나는데,  하느라 밤새요 양 진짜 많아요"
76,하...상당히 피곤한 수업이었습니다 시험은 중간 1번인데 나온다는것만 공부하고 책 조금 보면 무난한 시험이고요  과제가 문제인데 진짜...미리 해놓으십셔
77,"성적은 잘 받았지만 너무 과제가 많았어요. 물론 미뤄서 더 힘들었던 것일 수도 있습니다 저 같은 경우는...  웬만하면 미루지 마시고, 슨업시간에 시간 주실 때 최대한 개요라도 적는 게 좋습니다. 생각을 많이 하고 글을 적어야 해서 더 오래걸리고 힘들었습니다. 정말 나에 대해 생각해보고 싶다하시는 분은 이 교수님이 좋으실거고 쉽게 쉽게  하고 싶다는 분은 다른 교수님이 더 나으실 거예요."
78,"오티날  과제가 많으니 드랍할 사람은 미리 드랍하라고 이야기하십니다. 그때는 과제를 안 밀리면 되겠거니 하지만  결국 밀리면 답이 없을 정도로 많습니다. 중간 때는 한글맞춤법 시험을 보고 기말 때는  나는-이다, 나의 사전, 나의 연표, 자전소설, 영화비평, 희망전공보고서 총 6개의 과제를 문집으로 제출하게 됩니다. 저는 팀플이 싫어 이 수업을 선택했는데 개인적으로 팀플이 없는거는 너무 좋았습니다. 하지만 면담 기간 때 휴강인 듯 아닌 듯 교실에서 영화를 보게 하십니다. (저는 출석을 아예 안 했지만 성적에는 크게 영향은 없는듯해요) 개인적으로 저는 과제가 많은 지극히 무난한 창글 수업이라고 생각합니다."
79,기말문집으로 기말시험 대체하고 이것이 매우매우매우 중요합니다.
80,솔직히 주운 수업이고 양 많아서 걱정 많았음.. 그런데 팀플 없는 거 너무 꿀... 그리고 맞춤법 시험도 별로 안 어려움... 수업 열심히 안 들어도 됌... 대신 생각은 많이 해야 함.. 과제 많음... 무진장 많음... 그래도 뭐랄까 나에 대해 알아가는 시간을 가질 수 있었고 제때에 문집 제출하고 본인은 성적을 잘 받음!  본인을 잘 탐색하는 사람에게 점수를 잘 주시는 거 같음! 아예 못 돌을 수업은 아님!
81,튀어.. 굳이 뭘 들어...수강신청 망해서 들었는데 그대로 성적까지 망함2학기에 영발 때매 스토 빡셀까봐 창글했는데 응 그냥 스토해 스토 ㄹㅇ 괜찮은 듯
82,"우선 학점은 잘 받았지만, 그걸 떠나서 객관적으로 말하자면 교수가 개별로입니다. 게다가 수업을 1개만 하셔서 작은 전체 안에서 비율 나눠서 학점 주니까 부담됩니다. 아무튼, 교수가 정말정말정말 별로입니다. 조그마한 목소리로 학생들이 질문해도 듣기 거북하게 큰 목소리로 답해셔서 개인이 쓴 글 검토하는데 반 안에 있는 다른 학생들도 다 듣게 됩니다. 게다가 자꾸 발표하라고 압박주시는게 매우 제 기준으로는 꼰대스럽습니다. 하기 싫어서 개인적으로 만나서 질문한 내용을 그냥 공개해버리고.. 그냥 별로... 휴강도 거의 없고 면담 주간에도 학교 나가서 영화 봐야하고.... 도망가세요...다른 교수님 찾아가세요!"
83,"들을땐 별로라고 생각했지만 다른 창글은 팀플 있는 교수님도 있고 그런데 이경돈 교수님은 팀플 없고 마지막 기말 문집만 잘 해서 내면 됨! 중간고사는 한글 맞춤법이니 인용, 각주 다는것보다 수월할 수 있음. 중간중간 과제가 많긴 하지만 미리 해두면 문집 제출에 도움될듯."
84,교수님 채점 기준을 잘 모르겠어요ㅠㅠㅠㅠ 수업자체는 많은 생각을 하게 해준 수업이라 기분좋게 들었습니다
85,"과제가 많은편이고 글쓰기 기준도 모호합니다중간고사는 한글 맞춤법, 기말고사는 문집으로 대체됩니다개인적으로  지루한 수업이었습니다"
86,"중간고사는 한글 맞춤법만 공부하면 되고, 교수님께서 발표하면 가산점 주신다고 하셨는데 이건 별 상관없는것같아요. 개인적인 얘기 발표하는거라 저는 단 한 번도 발표안했는데 A+나왔거든요. 중간은 평균보다 살짝 높았는데 문집에 영혼을 갈아넣었더니 높게 주신 것 같아요 면담주간? 그 때는 출석 안 하시긴 하는데 그 때 본 영화로 바평문 써야해서 가는 게 좋을 것 같아요. 영화가 짧아서 2,30분이면 끝나거든요 암튼 학점 잘 나와서 저는 되게 만족합니다!!"
87,"저는 글쓰는것을 좋아하고 소설을 종종 써 왔기 때문에 과제 많은 건 커버할 자신이 있어서 수강신청했습니다. 결과적으로 A+나왔고, 과제는 최소 분량에서 기본 1~2페이지 이상씩 썼습니다. 자전소설은 최소분량이 A4로 4페이지일텐데 쓰고보니 12페이지를 넘어갔습니다.  저는 과제 많이 쓴 편이라 겉장까지 합해서 A4용지로 50페이지 정도 나왔고 스테이플러로도 안 찍히고 파일에 넣기도 힘들서 아예 복사집에서 제본해서 냈습니다. 글 쓰는 시간은 좋은데 저는 중간고사 전까지 맞춤법 배우는것이 너무 지루하고 졸려서 힘들었습니다. 중간고사 결과는 평균 조금 위 정도였는데 발표하면 받는 가산점으로 어느 정도 점수를 메꿨습니다. 교수님께서 발표하는 학생에게 가산점을 준다고 하시길래 열심히 발표했습니다. 어느정도가 충분한지 몰라서 열심히 계속 발표했는데 같은 반에 계신 다른 분들께 좀 죄송하네요... 아무튼 기말 과제가 사실상 승부수이기에 열심히 하시는 것이 좋고 미리 하시는게 좋습니다! 저는 글쓰는 속도가 빠른 편이라 글쓰기 시간에 절반 이상을 써 놨었음에도 마무리 작업으로 인해 며칠 밤을 새야 했습니다. 이런것을 생각하면 진짜 미리미리 하셔야 해요!"
88,"저는 애초에 글쓰기를 잘하지 못할 뿐더러 자기 자신에 대한 생각을 거의 하지 않았습니다. 솔직히 과제 많아봤자 얼마나 많겠어라고 생각했는데 정말 많아요..ㅎㅎㅎ 미루지 않고, 양 많이 쓰시고, 피드백 받은 내용 토대로 수정하시면 좋은 성적 거두지 않으실까 생각합니다. 저는 비쁠 받았어요"
89,"첨에 강의평에서 글쓰기 주제 보고 할 만한 것 같아서 들었는데 생각보다 자신에 대해서 쓰는게 어렵더라구요 미루고 미뤄서 과제 완성하는데 애 먹었어요 특히 자전소설이 너무 힘들었습니다 글쓰기 주제는 나의 정체성, 나의 연표, 나의 사전, 자전소설, 영화비평문, 전공보고서인데 안 미루고 미리미리 할 자신 있으면 들으세여"
90,인원도 적은데 쁠이라도 채워주시지..중간고사도 잘봤고 과제 분량도 나쁘지 않게 채웠는데 비제로받음과제 양은 많지만 중간평가때까지 최대한 다 써놓으시면 기말기간에 편해요 뭐 분량 많이 쓰면 성적 잘준다던데 다 그렇지도 않은듯글쓰는 주제는 재밌었는데 수업시간엔 하는거 없음 그냥 다른 창글 수강신청 실패하면 들으삼 ..
91,과제 미리미리 안하면 기말 기간에 피똥 쌉니다. 제출 이틀 전에 12시간 동안 타이핑만 해서 힘들었음... A 기대했는데 비쁠이네요; 그래도 나에 대해 돌아볼 수 있는 나쁘지 않은 수업이었음
92,이 학점 받으면서 과제 왜 그렇게 열심히 했나 후회가 되네요 진짜  듣지마요 차라리 학글 들으시길
93,이 강의를 수강신청한 제가 원망스럽습니다. 글 쓰는 것에 나름 자부심이 있었고 기말 문집을 모두 최소 분량 이상으로 써서 제출했지만 C+받았습니다. 과제 너무 많고 학기 중에 스트레스도 많이 받았습니다. 밑에 분 강평처럼 발표하면 가산점을 주는 것도 별로..개인적인 일을 말하기 싫어하는 사람도 분명 있는데 말이죠. 저는 과제가 많아도 제가 열심히 하면 좋은 성적을 받을 수 있으리라 믿고 수강신청을 했습니다. 하지만 결과는 전혀 그렇지 않네요.
94,"듣.지.마.세.요단지 글쓰는 주제가 흥미로워 보여서, 수강신청이 수월할 거 같아서 들었는데 정말 장점은 수강신청이 수월하단거 하나밖에 없는거 같음. 제일 이 수업을 피해야되는 이유는 성적 때문인데 다른 창글 반들과는 다르게 분반이 하나밖에 없어서 30명밖에 수업을 안들어서 학점 낼 때 피터짐. 길게 쓰면 좋은성적을 받는거 같은데 나중가면 최소분량도 채우기 버거운게 현실이고 30명안에는 상상을 초월할정도의 양을 쓰는 애들이 있어서 A 받기매우 힘든강의. 그리고 발표하면 가산점을 주는데 자기 개인적인 얘기 말하는 거 안좋아하는 사람들은 스트레스 많이 받을수있음. 수업시간에 배우는거 정말 하나도 없고, 다시 수강신청한다면 절대 듣지 않을 수업. 기말문집 양도 다른 창글이랑 비교해서 극악인데 이건 수업시간에 꼬박꼬박 쓰면 그렇게 많게 안 느껴질수도 있음.그리고 한학기가 지나고 느낀 꿀팁은 중간면담 때까지 써야되는 글 꼭!! 밤을 새서라도 쓰기. 그거 뺴고는 영화 비평문이랑 희망전공보고서만 남아서 중간면담때까지 써야되는 글 다 써놓으면 나중에 훨~~씬 편할거임."
95,오 과제가 밀리면 정말 산더미가 되는 현상을 보실 수 있습니다. 하지만 글쓰기 주제가 엄청 심오하다거나 전문적인 지식을 요구하지는 않아서 다른 창글수업에 비해 쉽게 글을 쓰실 수도 있어요. 다른 창글 수업은 잘은 모르지만 듣기에 어려운 주제도 있는것 같더라구요. 자기에 대해 돌아보는 글을 많이 쓰게 되는데 어렵게 느껴지실 수도 있지만 쓰다보면 자신의 삶을 돌아보게 되는 의미있는 시간으로 남으실 수도 있어요.
96,"과제가 너무 많을뿐더러 과제를 통해 무언가 배워가는 느낌 또한 받지 못했음.. 레포트는 시간날때 미리미리 작성해야함나중에 몰아서 할려면 그 양을 감당 못함,,,"
97,맞춤법은 거의 다 비슷하게 성적 나오고 문집이 진짜 중요한데 모든 과제 지정해준 과제 양보다 많이 해서 성적 잘 받았어요.. 그치만 양은 진짜 많아서 ㅈㅂㅈㅂㅈㅂ 미리 해놓으세요 ㅈㅂ
98,일단 과제양 이 너무 많음문집 제출이랑 전공 시험이랑 겹쳐서이도저도 아니게 둘다 폭망함ㅎ
99,우선 저는 비쁠 받았습니다. 걍 무난한 수업이라 보시면 될 것 같어요. 중간고사 평균 넘겼고 과제 제출 2주 전부터 차근히 준비하시고 보통 글쓰기 실력이면 저정도는 받을 수 있는 것 같습니다. 다만 고퀄의 수업을 기대하시거나 최상의 성적을 기대하시는 분께는 비추하겠습니다. 평소에 실컷 놀다가 중간 시험 적당히 치시고 글쓰기 적당히 교수님께서 말씀하신 분량 정도 준비하면 비쁠 얻을 수 있을 것 같습니다. 걍 평타에요~
100,그냥...그래요... 교수님 좋으신건 알겠는데 그 이상 그 이하도 아님 과제가 너무 많고 중간중간 제출하는게 아니라 기말기간때 문집형태로 내는데 미리미리했다고해도 기말 공부 해야되는 데 문집 쓰고 수정하는게 넘 힘들었음 시험은 공부한대로 나옴
101,"저에게는 최고의 수업이었습니다! 수강신청 전에 강평들을 다 읽어봤는데 내주시는 과제가 너무 제 스타일이어서 강의를 듣게 되었습니다. 과제가 많다는 평이 많았지만 저는 평소에 글쓰기를 좋아하기도 하고 스스로에 대해 생각도 많이 하는 편이어서 망설임 없이 수강했어요. 모든 과제를 즐겼던 것 같아요. 비록 매 과제를 제출하는 게 아니라 기말 문집으로 묶어서 제출하기에 중간에 몇개가 밀려서 기말고사 기간 직전에 밤새고 고생하기는 했지만 그래도 글 쓰면서 재밌었어요. 성적은 A+ 받았습니다! 중간고사 맞춤법 시험은 못봐서 평균보다 아래였는데 문집을 열심히 쓴 결과라고 생각해요. 팁을 드리자면 교수님이 매 과제에 대하여 최소 분량은 정해주시지만 최대 분량은 안 정해주시는데 최대한 길게 쓰는 게 유리한 것 같아요. 최소 분량은 나의 사전 피정의항 2개 / 나의 이야기(연표) 연도별로  이야기 2개 / 나의 소설 5페이지 / 영화 비평문 3페이지 / 희망전공보고서 4페이지 (표지 목차 참고문헌 제외) 였지만 저는 나의 사전 피정의항 3~4개 / 나의 이아기 연도별로 이야기 3개 / 나의 소설 9페이지 / 영화 비평문 6페이지 / 희망전공보고서 6페이지 정도로 다 분량을 넘겨서 썼어요. 인위적으로 넘겨야지 한건 아니고, 그냥 쓰다 보니 분량이 넘어갔는데 교수님도 길게 쓰는 걸 좋아하시더라구요. 면담 때 제게 해주신 조언이 글의 분량 신경쓰지 말고 하고싶은 이야기를 글에 다 담으라는 것이었거든요. 한 학기 동안 제 인생을 돌아볼 수 있어서 좋았어요!  과제를 할 때마다 스스로에게 솔직해지는 시간이었습니다. 평소 글쓰기를 좋아하시거나 자기 스스로에 대해서 많이 생각하시는 분들에게 적극 추천합니다."
102,기대를 많이 해서인지 생각보단 교수님의 인품이 좋다는 느낌을 못 받음... 면담 때도 정말 형식적으로 한 번 쓱 읽으시고 한 마디 하시고 면담 끝... 아직 학점을 안받아서 모르겠지만 다시 수강신청한다면 그냥 다른 교수님꺼 들을거 같음..
103,기말문집을 완성하려면 시험을 포기해야함.....문집작성 미리미리 못할것같은 사람은  이 수업 포기하세요ㅜㅜ진짜 과제양이 어마무시함...
104,글 쓰는 양이 너무 많아서 미리 해놓을 자신 없다면 비추합니다.... 기말 때 공부 대신 글을 쓰고 됩니다...
105,교수님 진짜 좋으시고 전 중간고사 엄청 못봤는데 문집으로 커버한 것 같아요... 면담때도 좋은 얘기 진짜 많이 해주셨어요!! 교수님 인품 좋으시구... 그래도 글쓰기는 너무 힘들었으니까...
106,"교수님 인품은 정말 좋으시고 여러 재미있는 이야기를 해주시며 가끔 야외수업이나 휴강을 하셔서 평소 수업시간에는 꿀인 수업. 그리고 중간중간 발표에 참여하면 가산점을 받을 수 있다. 중간에는 맞춤법 시험을 보고 기말은 문집으로 대체하시는데 기말 문집이 정말 중요하며, 그동안 과제로 내주셨던 여러 종류의 글쓰기들(다른 강의평 참고)을 한번에 검사하시는 것이라고 보면 된다. 그래서 평소 과제로 내주신 글쓰기를 꼬박꼬박 했다면 괜찮지만 미뤄두었다면 기말에 엄청 힘들 것이다..또한 평가 기준이 좀 애매하고 면담은 형식적으로 한 번만 하셔서 많은 피드백을 기대하기는 힘들다. 마지막으로 학점을 잘 채워주시는 건 아닌 것 같아서 학점 따기에 좋은 수업인지는 모르겠다."
107,1학기 수강생인데 진짜 개꿀임ㅋㅋㅋㅋㅋㅋ 일상생활에서 맞춤법 틀린 간판 10개?찍어오는 과제있는데 저는 2개밖에 못찍고 제출했고 결석도 1번해서 씨쁠을 예상하고있었지만..기말문집으로 커버친듯 하네요ㅠㅠ 글쓰기과제 계속 미루다가 기말문집제출 하루전 꼬박 밤새서 비쁠 받았습니다..스펙타클한 수업 원하시면 추천드립니다!
108,"창글 1학기 수강생입니다.강평에서 계속 회자되는 교수님의 인품, 단지 그것 하나만 믿고 수강신청을 해서 듣게 되었습니다.너무 기대를 해서 그런지 생각한것보다는 그렇게 좋은 교수님은 아니었던 것 같습니다. 듣기 좋은 말씀들을 해주시긴 하지만, 그 정도는 당장 자기계발서만 몇 권 읽어도 쉽게 생각해볼 수 있는 내용이며, 굳이 교수님의 인품만 믿고 강의를 신청하기엔 더 좋은 어른들이 세상에 많은 것 같습니다.. 또한 다른 창글 교수님과 다르게 면담을 자주하는 편도 아니기에(1번 15분 하는게 끝) 교수님의 인품으로 인해 얻을 수 있는 메리트도 많이 없다고 생각하며 생각보다 굉장히 공적이십니다. 제가 면담을 너무 기대하고 가서 그런지 모르겠지만 꽤 선을 그으시는 느낌을 많이 받았습니다. 과제는 미리미리 조금씩 해놓아도 무척 많습니다.10포인트로 약 20장 정도의 문집을 빡빡하게 작성해가야합니다. 그렇지만 중간고사를 못보셨다면 그를 만회하기는 무척 어려운 것 같습니다. 저 역시 교수님의 문집을 잘쓰면된다는 말씀에 속아넘어가 몇일밤을 새어 문집을 제출했지만 좋은 성적을 받지는 못했습니다. 과제량이 생각보다 무척 많습니다. 저 역시 과제 그까짓거 하면 되지 뭐 마인드로 수강신청을 했으나 과거 이 강의를 수강신청했던 제 자신이 하염없이 원망스러울 따름이네요. 정말 별로입니다"
109,"일단 나는 에이쁠을 받았고 학기내내 별다른 어려움은 없었음.그리고 수업 내내 앞자리에 앉음.교수님자체도 좋으심. 성격도 착하시고 묻는것도 친절하게 답해주시고 항상 웃는 얼굴이셔서 좋았음. 다만 강의력은 잘 모르겠음. 근데 말하는거 필기하고 몇개 줄긋고하면 됨. 근데 성적이의 안받아주심.그리고 수업때 질문할사람or발표할사람 부르는데 난 내 글 발표 2번?정도함. 하던지말던지 자기 마음. 가산점임.중간은 맞춤법시험이고 기말은 문집제출하기임. 문집이라 함은 걍 학기 내내 자기가 썼던 글을 묶어내는거임. 다만 중간때 점수를 안가으쳐주심. 나는 중요하게 다루신 내용중심으로 책보고 열심히 공부했는데 시험칠때 헷갈리는게 꽤 있었음. 그래서 좀 틀린거같은데 기말문집점수가 좋은지 에이쁠나왔음.문집은 1.i-story(나는 ___이다 / 자기단어사전30단어 / 본인생애연표 /자전소설)   2.we-story(영화비평문쓰기 / 희망전공에대한 보고서쓰기) 이런 구조임. 수업때 쓰고 남은건 써오라고 과제로 내주시는데 딱히 다음번 시간에 검사는 안함. 고로 평소엔 편할수있지만 미루는게 한순간이라 기말때 쪼금 바빠질수도있음. 단어사전30개와 연표만들기 솔직히 요즘 애들 인생에 뭐 틀별할게 있겠음? 난 아이디어 없을따 주작도 많이함ㅇㅇ. 분량의 갑은 자전소설인데 미루면 답없으니 미리하시길. 여기까지는 걍 일기쓰는 느낌?그리고 중간고사끝나면 거의 수업시간엔 글쓰는 시간으로 주시니까 이때 놀지말것. 개요라도 쓰면 미래가 편함. 그리고 다른 강의와 마찬가지로 면담시간있는데 15분임. 막 자기글에 다한 거창한 피드백은 안해주시니까 기대ㄴㄴ. 걍 슬쩍 보고 분량이 어떻다, 글쓰는 스타일은 대충 이렇네 정도 말해주심.We-story에 영화비평문쓰기 자기가 원하는 영화못고름. 독립영화 10-15분짜리 작품 정해주심. 보고서는 소논문느낌이고 형식이 매우매우 중요함. 참고문헌 형식 중요함. 나는 그림이나 그래프도 삽입했었음.이렇게 글을 다쓰고 모아보니 50장 정도 되었음.맞춤법틀린거땜에 에이정도 맞겠다 생각했는데 에이쁠떴음...그리고 아직까지도 맞춤법시험점수는 모름. 걍 내글이 교수님마음에 든듯."
110,"중간고사는 맞춤법 시험을 보고 기말은 시험은 따로 없이 문집을 제출함. 매 시간 직접 호명하시면서 출결을 체크하심. 날씨가 좋은날 야외 수업을 한 날도 있었고, 금잔디 행사하는 날 일찍 마쳐 주시기도 하심. 교수님이 따뜻하신 성격에 인품도 매우 좋으시지만 학생들에게 신경을 써주시지만 자신이 직접 글을 쓰는 수업이기 때문에 질문을 계속해서 하지 않는 이상 교수님과 말할 기회는 많지 않음. 기말 문집은 양이 정말 많아서 미리 해놓지 않으면 기말때 진짜 바빠짐. 나에 대한 글쓰기를 할때는 좀 여유롭게 썼는데 영화비평문이나 전공보고서를 쓸때에는 정말 급하게 씀. 과제 양 자체가 많다고 생각함. 하지만 교수님 친절하시고 질문사항 잘 들어주시는 것에 만족함."
111,교수님 자체는 유쾌하시고 정말 좋으신 분 같음. 하지만 필자는 기말 문집 3일동안 급하게 만들어 제출해서 점수 잘 안나옴. 근데 뭐 이거는 잘 준비하면 될듯. 중간고사가 문법시험인데 그래도 나름 할만 함. 헷갈리는 거 몇개만 하면 될듯.
112,•교수님인자하시고 내 자식 보듯이 따뜻한 눈빛으로 학생들을 대하십니다  중간에 지루한 얘기를 해서 졸리긴 하지만  그래도 내용 설명할 때에는 명확하고 명쾌하게 설명해주십니다  발표를 하거나 교수님의 잘못을 지적하면  가산점을 주시는데 발표 많이 하시는 것을 추천합니다 저는 1~2번 밖에 안 했는데 더 많이 할 걸 후회가 남네요  발표라고 해 봤자 별 거 아니고 손 들고 그 자리에서 자기가 쓴 자신만의 이야기 에피소드 같은 거를 짧게 얘기하면 바로 이름 적으시고 가산점 주세요•시험중간고사로 한글 맞춤법 시험 한 번 보는 게 끝입니다  어려워요  저는 열심히 공부했다고 생각했는데 꽤 헷갈리는 것도 많이 있었고 성적이 안 좋아서 엄청 걱정스러웠습니다 •문집 과제저처럼 시험 망해도 기말 문집 잘 받으면  다 커버 가능합니다  기말 문집 과제 비중이  엄청 커서 여기에 공을 많이 들이는 것을 추천하고 양이 엄청 많으니까 절대! 몰아서 하지 마세요 몰아서 한다고 하루만에 완성할 수 있는 양이 아니니까요 저도 틈틈이는 해놓으려고 했지만 그러다 보면 흐름도 끊기고 별로더라고요  차라리 날 하루 잡아서  하나 완성하고 또 날 하루 잡아서 하나 완성하고 그러는 게 나은 것 같아요  그렇지만 어떻게 해도  전날 밤은 샜습니다 5시에 개별 제출이었는데 밤 새고 낮 한 시에 다 끝냈습니다  채점 기준은 잘 모르겠지만 열심히 공을 들여서 그런지 좋은 성적 받았네요•개별 면담큰 피드백을 기대하지는 마세요 그냥 훑고 코멘트 몇 마디만 해주십니다 그 때 중간고사 성적 확인하고요 진로나 희망 전공 같은 거에 대해서 물어보시니까 큰 부담도 기대도 하지 마세요
113,일단 학기초에는 교수님이 정말 성격 좋으시고 해서 좋을 수 있지만 중간에 문법시험에서 어? 이럴수 있지만 생각보다 할 만 한것 같습니다. 기말 문집에 비해서는요.. 기말 문집이 되면 미리미리 써서 교수님한테 검사 받으시고 수정 여러번 하시는 걸 추천드리고요. 전 발표 많이해서 어느정도 점수 커버친거 같아요. 그래서 발표 왠만해서 하시는거 추천 드릴게요. 아무튼 전 발표4번 중간은 잘모르는데 중간값 조금 넘거나 그 밑에 일 것 같구요. 문집은 적당히 쓴 것 같네요 그래도 나름 깔끔하게 써서 A받았네요.
114,"수강신청할때 1순위로 놓고 신청한 보람이 있습니다! ✔️교수님일단, 앞서 많은분들이 언급하신것처럼 인품이 정말 훌륭하십니다. 그리고 금잔디 축제때 교수님께서 야외 음악소리에 먼저 동요되셔서 '하...이거 내가 대학다닐때 나온 노랜데.... 하....'이러시더니 단축수업하셨습니다ㅋㅋㅋ 새내기인데 괜히도서관가지말고 실컷 놀으라고요..! 그리고 개별 면담이 있는데 면담도 잘 해 주십니다. 제가 그날 밤새서 7분?정도 늦어서 엄청 허겁지겁 달려가서 얼굴이 새파랗게?질린 적이 있었습니다. (제가 호흡기가 약해요...) 그런데 교수님께서 먼저 걱정해주셔서 감동받았어요ㅠㅜ 면담도 잘해주시고❤️  신부님같은 느낌이었어요.✔️ 과제일단, 과제는 제가 들은 과목중에 가장 많긴 했어요!ㅠ 그런데 그 주 주말마다 꼬박꼬박하면 그렇게 크게 부담되진 않습니다. 무울론 자전소설 과제는 새벽5시까지 했지만요ㅠㅜ과제는 크게 1. 나는 00다 2가지쓰기, 2. 나의 사전, 3. 나의 연표, 4.자전소설, 5.영화비평문(영화정해져있음), 5. 희망전공보고서? 였던걸로 기억해요!✔️시험시험은 중간고사때 한글맞춤법 있습니다. 전 면담때 깜빡하고 안여쭤봐서 점수는 모르는데 그리 잘 보지 않았음에도불구하고 최종 A+ 받았습니다. 기말과제가 훨씬 중요한 것 같습니다."
115,우선 교수님 인품은 좋으신거같음 ㅇㅇ 야외수업도 하고 뭐 여쭤보면 친절하게 답해주심. 과제가 다른 창글 반 몇몇개와 비교하면 조금 많은 편인거 같긴 하지만 안미루면 그렇게 힘든 양은 아닌거같음. 문제는 나는 아무것도 안하다 시험기간에 다 미뤄서 해서 죽을뻔했음. 최종성적은 B+ 나왔는데 마지막 기말 문집 과제로 낸거를 진짜 좀 개판으로 써서 씨쁠뜰까봐 불안했는데 비쁠도 정말 감사함. 중간고사는 30점만점에 27점 받았고 그때 평균은 24점정도라 들었음. 발표는 한번정도 했고 기말 문집이 정말 중요한거 같긴 함. 어쨌든 미루는 습관 있는 경우에는 ㄹㅇ 비추 기말때 죽어남
116,"정말 힘들어요. 다른 교수님들의 창의적글쓰기 수업과 비슷하게 과제양은 참 많았어요. 또 바로 완성해서 제출하는게 아니라 마지막에 한꺼번에 다 제출을 하기때문에 처음에는 좋았다가 미뤄둬서 죽을뻔 했어요. 교수님 좋다고 하시는분들 많은데 저는 그닥 느끼지 못했어요. 선이 그어져있다는 표현이 맞는 것 같고, 발표도 많이 했었는데 c+받았어요. 발표 걱정 많아서 창글 했는데 차라리 스토할걸 후회 됬고 2학기때는 무조건 스토합니다"
117,정말 인품 좋은 교수님이십니다 수업 들은 것을 후회하지 않습니다 단  과제 많은 것은 염두해두셔야 합니다수업시간에 발표 한번도 하지 않았지만 A+받았습니다평소 성실히 많은 양의 과제를 미리미리 해두시고과제 늦지 말고 제때에 내시고교수님께서 고치라고 한 부분이 있다면 최대한 그러한 방향으로 과제를 수정하시길 바라요그리고 자신의 인생에 있어서 힘들었던 일이나 인상깊은 경험이 있다면 진솔히 자전소설로 적어내시면 좋게 평가해주시는 것 같아요. (저는 정말 괴롭고 우울했던 경험에 대해 아주 솔직히 소설로 썼어요. )
118,교수님 마인드는 그뤠잇..근데  학점 따기는 상당히 빡셈. (본인 및 주변 씨쁠 ㅜㅜ)중간고사는 맞춤법 시험/기말고사는 문집 제출(대략 30p 이상)말이 쉽지 새내기 입장에선 굉장히 따라가기 힘듬.뭐 열심히 하지않으면 성적은 안따라주는 수업.
119,다들 교수님 인성칭찬하는데 난 더 좋은 교수님 많이 만나서 그런지 별로였음...그냥 학생들한테 선을 긋는 느낌이었음. 학점도...글쎄. 자전소설 쓰는게 과제로 있는데 나의 지질한 면을 적나라하게 보여줄 수록 유리한듯...나는 그렇게 흑역사가 없어서 힘들었던 거 같음...
120,과제는 총 6개고 최소 분량도 많아서 한번에 하려면 쓰러질 수도 있음 그리고 교수님만의 확고한 기준이 있으신거 같은데 난 못 맞춘거같음 교수님은 좋으심 그래도 일단 창글 수강신청에 성공한 그대에게 치어스-
121,일단 과제가 너무너무 많음. 교수님 성격은 좋으시지만 과제가 너무 많아서 수업 들을 때 좀 힘듬. 과제도 열심히 해갔지만 본인만의 기준이 있으신듯.
122,과제가 정말정말 많다. 창의적이지 못한 사람은 과제를 시작하는 것조차 너무 힘들 수 있다. 교수님은 정말 좋은 분이시지만 성실히 과제할 자신이 없고 스스로가 창의적이지 못하다고 생각한다면 이 강의를 듣는 건 비추다.
123,이 교수님은 진짜 참 교수이십니다.  수업에서 진정성이 느껴지시고  허풍 없이 있는 그대로를 보여주십니다. 수업 자체도 상당히 체계적으로 잘 짜여져 있어서 따라가기만 하면 내 추억들도 한번씩 회고해볼 수 있어요. 한가지 단점은. .과제양이 ㅎㄷㄷ...  학점은 a제로네요..쁠좀달아주시지. .
124,그냥 갓경돈 적정한 타이밍의 휴강과 야외수업 그리고 나쁘지 않은 학점이지만..과제의 양은 정말..휴
125,"출결20%,중간시험30%,기말문집40%,기타(발표,작은과제)10% 글 쓰는 거 좋아하시는 분들 창글을 듣겠다면 이경돈 교수님 수업 추천합니다교수님 인품이 왜 강의평에 자자한지 첫 수업 들으면 감이옵니다.  이걸 왜 배워야부터 짚고 넘어가주셔서 좋았습니다. 얻는 것도 많았어요. 일학년이라서 잘 몰랐던 비평문, 보고서 작성법은 물론 문집 자체가 저한텐 큰 의미 있었습니다.중간시험이 한글맞춤법이고 30퍼지만 문집으로 역전가능합니다. 저는 중간은 23~24점으로 평균점수 받았는데 기말문집으로 A+까지 받았어요문집은 진짜 미리 미리 해두지않으면 나중에 피 봅니다.. 해야할 건 많지만 하나하나 다 의미 있고 유익해서 보람있었습니다."
126,갓경돈. 참지성인 중에 참지성인.과제는 억수로 많지만 학점을 잘 받고 싶다면 글을 자신만의 독창적인 면과 창의성을 강조할 수 있도록 쓰기
127,참교수님. 기말에 문집내야되니 글 미리미리 써둘것.
128,5점 주고 싶지만 과제가 매우 힘들었기에 1점 깎음.. 교수님 인품은 정말 이루 말할 수 없을 정도로 훌륭함. 게다가 나와 관련된 이야기로 네 종류의 글을 썼는데 다른 창의적 글쓰기에서는 찾아볼 수 없는 참신한 종류의 글들이어서 인상깊었음. 근데 기말시험 대체로 내는 문집을 미루다가는 정말 헬파티를 맛볼 수 있음. 이것도 많이 줄은 거라 하지만 여전히 다른 교수님들에 비해서는 과제가 많은 편. 진도도 빨리 나가는데다 기대치가 꽤나 높으신듯함. 글에 대한 열정이 가득하고 준비된 사람이라면 도전해볼 만도 함.
129,과제는  미리미리 해두는게 정말 중요..중간에 체크 안하셔서 미루기 정말 쉬운데 기말 다 끝나고 과제 제출 때문에 이틀 샘.교수님은 정말 좋으시고 수업도 재미있는 편.단순히 글만 쓰는게 아니라 나에 대해 돌아볼 수 있는 기회.열심히 할 마음 있다면 학점도 크게 걱정하지 않아도 될듯 추천!
130,교수님 성격은 정말 좋으셔요 진짜 친절하시고 학생들 개개인에 대해서 가볍지 않게 조언도 해주시고! 다른 교수님들에 비해 과제가 많긴 한데 쓰기 쉬운 범주들이라 그때그때 하면 괜찮을거예요 물론 좋은 점수를 받으려면 시간을 좀더 투자해야겠죠? 그리고 질문드려서 자신의 글쓰기 방향을 조정하는 것도 좋은 방법일 것 같아요
131,성적-a+-발표점수가 따로 잇어서 발표 마니하면 점수 더 줌-평소 자신에 대해 생각을 해본 경험이 있으면 좋은 성적 받을수 있음-중간 후에 면담이 한번 있는데 약간 형식적임. 너무 기대하지는 마세요-할거는 많아서 나중에 짜증이 조금 날 수 있기 때문에 미리하는게 의외로 중요 -미리미리 다 해도 나중가면 벅참-강의력은 수업 잘 안들어서 모르지만 강의력과 별개로 교수님 인품은 정말 좋으심 괜히 모든 강평이 교수님 인품얘기만 하는것이 아님-중간고사가 좀 짜증을 유발할 수는 있지만 그건 창글 공통이므로 편하게 준비하고 편하게 보셈 나는 평균 23인데 26점나왔음 참고하세요 근데 중간이 별로 성적을 가른다는 느낌은 없었음-원래는 과제량이 타교수들에 비해 많았으나 2017년도 들어서 확 줄이심. 그래서 과제량이 다른교수들과 엇비슷 한것 같음
132,"이 교수님은 진짜다. 인품이 정말 뛰어나신, 말도 교양있고 너그럽게 하시는, 학생을 진정으로 사랑하시는 교수님이다. 맨날 대학일기나 페북에서, 그리고 가끔 뉴스에 나오는 여러 교수님과는 다른 정말 인자하신 분이다. 앞으로 인생 살면서 이런 성품을 갖고 있는 사람을 만나긴 힘들 것이다. 그니까 수업도 맘대로 빼먹지 말고 교수님께 예의바르게 말하자. 진짜 사람이 너무 좋으시다. ㄹㅇㅍㅌ ㅂㅂㅂㄱ비율은 다 채워주신다. 쁠 달아주시는 것은 교수님의 재량이며, 보통 각 알파벳마다 절반은 달아주시는 것 같다. 필자의 경우 A를 받았다.출석은 매 시간마다 부른다.그리고 수업 도중 교수님이 간단한 질문(정말 간단하므로 부담ㄴㄴ)을 던지거나 의견을 묻는 경우가 있다. 여기서 간단하게 자기 의견을 말하는 정도의 발표면 가산점이 부여된다. 발표 못하는 부끄러운 친구들이 걱정 많이 할 수 있겠지만, 그럴필요 없다. 일어서서 발표할 것도 없고, 틀린다고 혼나는거 절대 아니다. 나도 발표 안하는 인생을 살았지만 자기 의견 표출하는 정도고 진짜 간단하기 때문에 걱정마라. ㄹㅇ창글 특성상 과제는 많을 수 밖에 없고, 창글 중에서는 그렇게 많은 편이 아니라고 생각함.17학번 1학기였나 16학번까지는 과제 양이 엄청나서 창글 중에서도 많은 편이었지만 이번 학기부터 양이 줄었음.시험은 중간고사만 보고 기말고사는 문집으로 대체된다.창의적 사고 소통의 글쓰기라는 교제에서 맞춤법 및 로마자, 외래어 표기 관련 내용 전체가 중간고사 범위다. 책에 없고 국립국어원에 있는 항목도 시험 범위지만 시험 내에서 비율은 매우 적어서 기본 지식으로 풀어도 무방할 정도이다.앞서 기술했듯이 기말고사는 없고 대신 문집이 있다.이 문집은 한 학기 내내 쓰게 되는 여러 글들을 묶어서 제출하는 것이다.참고로 여기서 필요한 분량은 모두 한글문서로 작성되는 것이다. MS워드로 줄간격 넓히려는 잔머리는 안통한다.필자의 경우1. 나를 표현하는 명사를 통해 '나는 ~이다' 를 2개 작성하고, 내가 왜 ~인지를 설명하는 짧은 글쓰기2. '나의 사전'이라 하여 나와 관련된 것들을 사전 형식으로 적음. 단어는 30개정도3. '나의 연표'라고 해서 매년마다 내 삶에서 기억이 남는 에피소드를 2개씩 짧게 적음. 이걸 읽고 있는 20살 새내기들은 20살이니까 총 에피소드가 40개겠지?4. '자전 소설' : 사전과 연표를 바탕으로 말 그대로 나에 대한 자전 소설을 쓴다. 말이 소설이지 사실 대학교 1학년 수준이면 거의 대부분이 회고록 형식으로 적는 경우가 대다수이다. 교수님도 이를 감안하시고 채점하시기 때문에 너무 부담가질 필요는 없다. 분량은 최소 5페이지5. 영화비평 : 이쯤 되면 중간고사가 막 끝났을 것이다. 약 2주간 휴강을 하지만, 대신 수업시간에 강의실에서 30분씩 하는 짧은 단편영화를 총 4편 보여줄 것이다. 영화가 A, B, C, D라면 첫 수업때는 AB, 두번째 수업은 BC, 세번째 수업은 CD, 네번째 수업은 DA를 보여주기 때문에 날짜를 골라서 가면 된다. 영화를 보고 맘에 드는 영화 한 편을 골라 비평문을 쓴다. 소감문이 아니라 비평문인데, 그리 어렵지 않다. 분량은 A4 2장 이상참고로 영화 틀어주는 휴강기간 중 하루 날 잡아서 개별 면담이 있다. 교수님 입장에선 한 반에 30명씩, 다른 분반 합쳐 60명이나 되기 때문에 면담 시간은 그리 길지 않다. 해봤자 15분~20분 정도? 이 면담에서 지금까지 작성한 글들(나는 ~다, 나의 사전, 자전소설)을 빠르게 훑고 피드백을 해주시며, 이 외에 희망 전공 등 앞으로의 삶에 대한 얘기도 나누고, 중간고사 성적도 알 수 있으며, 여러 질문을 해도 괜찮다.6. 희망 전공 보고서 : 너희가 원하는 전공에 대한 보고서를 작성하는 것이다. A학과를 가고 싶다면 A학과에 대한 보고서, 즉 A학과는 무엇을 배우는지, A학과의 진로는 어떤지 등을 인터넷을 검색해서 쓰는 것이다. 보고서의 형태를 띄기 때문에 각주와 참고문헌을 필요로 한다. 분량은 참고문헌, 목차 등 빼고 [서론+본론+결론]이 최소 5페이지이 글들을 다 묶으면 하나의 문집이 된다. 하지만 문집 또한 보고서의 형태를 띄어야 되기 때문에 목차와 표지, 참고 문헌 등을 다 담아야한다. 너무 까다롭다고? 다른 교수들도 다 비슷하다.참고로 문집에 필요한 글들 미루다가 기말기간에 몰아서 작성하는 애들이 정말 많다. 근데 그러지마라. 이렇게 레포트 형식으로 쓰는 과목들이 이거 말고도 생각보다 있고, 기말은 중간고사보다 시간이 촉박하고 할게 많다. 매 학기마다 그렇다. 근데 여기에 문집까지 겹쳐지면 지옥이다. 평소에 꾸준히 써놔라. 문집 나중에 합치면 표지랑 참고문헌 포함 30페이지 내외인데, 이거 만드는 것도 정말정말 귀찮고 오래 걸린다.그니까 어차피 술마시고 노는 시험기간 외의 시간에 시간 조금만 들여서 꾸준히 완성시켜둬라."
133,일단 교수님이 정말  좋으신 분이세요!!  맨처음에 글쓰기를 본격적으로 하기 전에 자기를 성찰하는 활동을 하는데 그럴때 야외수업도 하시고ㅋㅋㅋ 수업 일찍끝내주실때도 있어요! 모르는거 있어서 질문하면 친절하게 받아주십니다. 매우 자상하신 분이에요!중간고사는 한글어문규정 시험이었고 그렇게 어렵지는 않습니다. 다른분들은 과제 많다고들 하시는데 그렇지는 않고 그냥 평균적인 창글 정도의 과제량인것 같아요. 수업 중에 집필할 시간도 많이 주셔서 빡세지는 않습니다. 열심히 하신다면 학점도 잘 주세요!이번학기 들었던 수업에서 가장 좋았던 수업 중 하나입니다.
134,"자기에 대해 탐구하고 세상에 대해 탐구해 볼 수 있다는 점에서 광장히 좋은 수업이라고 생각합니다. 수업이 지루하기는 하지만 듣다 보면 얻어갈 수 있는 게 꽤 많습니다! 이번 학기에는 5편의 글을 썼는데 특히 자전소설, 영화비평문, 희망 전공 보고서에 정성을 보이는 게 중요한 것 같네요. 교수님께서 굉장히 인자하시고 너그러우시며 질문했을 때 친절하게 설명해주셔서 개인적으로 만족스러운 강의였습니다~"
135,일단 쁠 안채워 주십니다 개인적으로 첫강의때 교수님의 인품이 너무 좋아서 과제양이 많다고 해도 드랍하지 않았습니다. 첫강의때 자신은 교수고 학생은 교수를 고용한 사람이라 마음껏 부려먹어도 된다고 하신 말씀에서 진짜 참교수구나 하는 생각이들었습니다 그생각은 지금 종강을 한 이후에도 똑같습니다. 하지만 강의럭 기준으로는 조금 지루하고 부족한 거 같습니다
136,개인적으로 창글 들을거면 이경돈 교수님 수업 들었으면 좋겠음ㅠㅠ 보니깐 다른 교수님들에 비해 과제가 많은건 사실이지만 기말에 시험 대신 여태까지 썼던 글 내는 거고 그날그날 과제 많이 미루지만 않는다면 별 문제 없음.  중간고사 시험은 맞춤법 시험이었는데 중간고사 이후 개별면담 시간에 교수님이 애들 점수가 비슷비슷하게 꽤 잘 봤다고 했음. 맞춤법은 그냥 열심히 공부하면 될 것 같음. 그리고 발표점수라는게 있는데 가산점?? 비슷한거라고 보면 됨. 굳이 안해도 강요하시지 않으니깐 그렇게 부담가지지 않아도 될거같음.난 글쓰기를 잘 하는 편이 아니고 나에 대한 이야기를 쓸때에도 꽤 애를 먹었음. 그냥 솔직하게 내 이야기쓰고 교수님이 고치면 좋을것같다는 점 고쳐서 내면 점수 잘받을수 있다고 생각함. 나는 발표를 거의 안했고 고치라는 거 고쳐서 냈는데 점수가 생각보다 진짜 잘나옴. 일단 교수님이 너무 좋으셔서 수업 내내 부담은 거의 없었음!!!
137,"일단 교수님이 아주 좋으시고 수업 일찍끝내주시는때도 많고 창글 특성상 면담 때문에 휴강도 몇번 하는것, 그리고 인생 전반을 돌아볼 수 있는 수업이었던 것으로 장점소개를 마치겠읍니다...다른 창글수업 강의평을 보면 이런 말이 있을거에요 '타 교수님보다 과제가 적다'.... 이 타 교수님이 바로 이경돈 교수님이십니다 하하 ! 물론 수업시간에 쓸 시간을 주시긴 합니다. 그런데 그게 수업 한두번이면 끝나고 바로 다음 단계로 수업 진행하세요. 집에서 열심히 미리미리 써야한다는고에요.. 이게 강의신청하는 그 순간에는 자신있을지 모르겠으나 자신을 너무 믿지 않는것이 좋을듯합니다... 문집으로 써야할 것이 나는 ~다, 인생 사전, 인생 연표, 패러디 시쓰기, 자전소설, 영화 비평문, 보고서였나 논문이었나 아무튼 이렇게되는데 매우 많습니다... 재밌어보이지만 우습게보시면 큰일이가나요.. 열심히 쓰기만 하면 좋은점수를 받게된다면 모를까.. 저는 면담때 교수님이 칭찬일색이셨지만, 밤새서 문집 써서 제시간에 제출했지만 비제로를 주시더라구요?-? 하하... 어떤 기준으로 점수를 매기시는지 정말 궁금했는데 이의제기도 안봐주시구... 점수를 안올려주신다는게 아니라 아예 안보세요. 쪽지도 안보세요. 그냥 안보세요. 메일주소도 찾을래야 찾을수도 없고 그냥 답답합니다...  휴.... 중간고사는 그냥 맞춤법 시험으로 스뭇스하게 치실수 있습니다."
138,별로에요.. 과제 많고 문집 작성해야해서 시간 많이 뺏깁니다. 20장 분량의 글써야해요. 미리 써두시면 그나마 나음.. 잘 맞으시는 분은 들으세요
139,중간 끝났을 때까진 꿀수업임. 근데 기말 앞두고 글쓰기 과제폭탄. 교수님은 인자하신데 성적을 무슨 기준으로 매기시는지 잘 모르겠음.
140,"이경돈 교수님 짱!학생들 생각하는 게 막 느껴짐.야외수업도 하고 휴강도 명분이 있으면 시원하게 해주심.꿀강으로 알려진 김성수 교수님보다 써야할 글의 종류가 많긴 하지만 나는 써야하는 글 주제가 가벼워서 신청했었던 강의임.시험은 맞춤법. 교재 중심으로 나오긴 하지만 교재 외에서도 나오긴 함. 그렇다고 부담가질것은 없음. 다같이 보는 자료도 비슷해서 그냥저냥봄. 내가 봤을땐 문집이 학점을 좌우하는것같음.중간고사 이후부턴 글쓰기 방향 알려주시고 글쓰는시간을 가져서 가벼운 수업. 나에대한 이야기를 하는 것이라 팀플이 없어서 좋음. 발표하면 가산점이 있다고는 하시는데 발표안해도 에이쁠나옴. 기말고사대신으로 문집을 내기때문에 기말때 몰아서 하지않고 미리미리해놓는게 마음에 편함.총평 : 가벼운 수업, 어렵지않은 글쓰기 수강신청 안전빵으로 진행하고 싶다면 신청하기 무난한 강의."
141,중간고사 맞춤법 시험은 잘 봤는데 문집에 마음에 안드셨던 건지 (기준은 모르겠음) 비쁠 나왔습니다. 교수님 사람은 참 좋습니다. 개인적으로 많이 와닿은 강의였지만 기말 문집 양은 주변에 비교해봤을 때 압도적으로 많음....
142,필력좋은 사람만 추천. 하라는 거 다 했지만 비쁠받음. 글쓰기 수업의 특징일지도..
143,"맞춤법, 자신에 대한 글쓰기, 나를 둘러싼 주변에 대한 글쓰기로 이루어진 강의입니다. 시 패러디 같은 자잘자잘한 글쓰기와 자전소설, 보고서 같은 꽤나 긴 글쓰기도 합니다. 수업 시간에 글을 쓸 시간도 많이 주시고 무엇보다 학생들을 위해, 특히 1학년 대상 과목이다보니 신입생을 위해 좋은 말씀도 많이 해주십니다. 개인적으로 자신을 돌아보고 정리할 수 있는 좋은 강의였습니다.중간고사 때 맞춤법 관련하여 시험 한 번, 기말은 시험없이 수업 내내 썼던 글들을 제본하여 문집 형태로 제출하는 과제가 있습니다. 저도 비록 기말고사 기간 내에 바쁘게 마무리했지만, 미리 준비하신다면 문제가 없을 것 같습니다."
144,다 필요없고 길게써라. 누가 길게쓰는지 대결이다.
145,일단 인자하시고 친절하심 학생들 입장을 잘 이해해주심문집으로 글 7갠가 쓰는게 있는데 제때하면 기말고사기간에 고통받을일은 없음... 문제는 그러기가 쉽지않음 문집은 분량 최대한 많이쓰는게 좋은거같음중간 평균맞고 a받음
146,발표하면 보너스 준다하는데 발표 굳이 할 필요 없는 것 같고내 주변 애들이랑 비교해서 과제 탑급으로 많음ㅇㅇ 기말문집 갑;; 중간은 평균 낮으면 점수 후하게 준댔는데 이번에도 그러셔서 평균 높았음나는 원래 맞춤법이랑 이런거 예민해서 수월했고기말문집이 갑이긴 한데 수업시간에 글 쓸 시간을 많이 주심난 좋았음 에쁠 쉽게 챙긴 듯 근데 기말문집때매 다른 애들 기말 공부할 때 나만 글 씀
147,"지난 학기 들은 수업 중 가장 좋았던 교수님이었다 정말 ㅜ 일단 교수님께서 인자하시게 생기셨다 그리고 귀여우시다ㅎㅎ 나는 중간고사 맞춤법 딱 중간등수 정도로 보고 문집도 내기 전날 급하게 마무리를 했는데 에이 받았다. 다른 강의평을 보니 글쓰기수업이라 아무래도 타고난거나 교수님의 취향을 무시할 수 없겠다는 생각이 들긴한데 여튼 나에게는 좋은 수업이었다. 정말 이경돈 교수님을 찬양하고 다녔다. 문집으로 내야할게 7개가까이 되긴 했으나 그게 모두 장편의 글이 아니라 뭐 시 패러디라던가, 나를 한마디로 정의하고 그 이유를 쓰라던가 이런식을 흥미롭게 할 수 있는 것들이 많아서 미리미리 과제를 해둔다면 크게 부담되지 않을 양이다. 다만 중간중간 과제검사를 하지 않으시고 마지막에 한 번에 문집으로 과제들을 제출받으시기때문에 과제를 미리미리 하지 않게되었다.. 조금만 성실하면 강의도 재밌고 과제도 크게 부담없이 할 수 있을 것 같다. 그리고 난 중간중간 과제 검사를 하지 않아 오히려 좋았다."
148,갓경돈써야할게 많으나 제 때 하라는대로 잘 써가면 시험기간에 밀려쓸 일 없음물론 나는 그러지 못해서 마감일 하루 넘겨 제출했으나 그래도 애쁠 받은 걸 보아 학점혜자인듯함맞춤법시험 고등학교상식+어문규정 몇개학생들 진짜 생각해주시는것같아서 좋았음중간에 영화비평 배울때 영화만 틀어놓고 1명씩 다른데가서 1대1면담하는 시간(사실상 휴강ㅎ)이 아주꿀
149,일단 중간고사로 맞춤법을 시험보는데 꽤나 어려움 공부한다고 잘보는게 아니라 타고난게 중요한듯?기말에 문집 제출하는데 진짜 양도 많고 이과생임에도 불구하고 어려운거 많이 시킴. 특히 영화감상문도 아니고 영화 비평문을 쓰라하심.....내가 몇주를 투자하고 모든 인맥을 동원해서 감탄스러운 글들을 작성했으나 비플..
150,과제가 너무 많고 글을 너무 여러개 요구하심. 맞춤법시험 잘봤는데도 씨플나온거 보면 문집이 가장 영향이 큰것 같음 문제는 교수님이 글을 보시는 기준이 뭔지 모르겠다는점. 중간 면담때 칭찬 일색이었는데 씨플이 나와 상당히 의아함.
151,교수님 인자하고 좋으신데 필력안되는 노력충에게 비추 맞춤법시험 중타(평타)치고 후진필력으로 내라는 문집 정성스럽게 써내서 b.....
152,나는 정말 열심히 했다고생각했는데 비..... 맞춤법 시험도 상당히 고득점이었는데 비나온거보면 문집에서 문제가있었던듯싶다. 중간고사인 맞춤법시험은 크게 학점에 영향을 끼치는것같지않으니 문집을 미리미리 준비해두는게중요. 꿀교수라고해서들었는데  그닥 그랬다
153,수업시간에.하라는거 똑바로해야됨 ㄹㅇ 난 수업시간에해라는거안했다가 마지막에 문집낼때 시험기간에 여기에 시간많이 씀 근대 좀 양이많기도한거같음 하튼 중간망쳤는데도 글열심히 써가니 보통이상평균은준듯
154,이번 학기부터는 맞춤법베껴오기과제도 없어졌어요!! 과제도 내주실때 차근차근하다보면 수월할거에요!!  다른 걸 떠나서 교수님한테 배울 게 많고 진짜 참교수님이십니다^^ 보통 글쓰기과목은 글 잘 쓰는 애들이 유리해서 노력해도 안된다는 소리 많이 들으실텐데 이경돈교수님께서는 노략한게 보이면 학점도 잘 주시는거 같아요!!(사실 제가 글 엄청 못 쓰는데  그래도 열심히 써서 냈거든요) 암튼 진짜 좋은 수업이에요~
155,이교수님의 단점 맞춤법배끼기 숙제가없어졋어요~  무슨뜻인지아시죠~~~~???????
156,교수님 자체가 인자하고 좋으신분교수님이 좋아서 좋아했던 수업.
157,맞춤법 베껴쓰기 과제 제때 못내서 감점당하고도 에이쁠받았습니다! 기말 문집으로 충분히 만회 가능해요. 대신 교수님이 내주시는 과제들을 제때제때 해두는게 정말 중요합니다 다른 과목 기말까지 겹쳤는데 글쓰기 하고 있으면 정말 미칠것같아요..
158,좋으셨음..ㅠㅠ 글주제보고 선택한 교수님인데 후회안했음. 중간때 한글맞춤법 베껴오는 과제때는 진짜 힘들었긴했음.. 중간 맞춤법시험망쳣는데 기말문집 잘했더니 에이주심.. 인간미 넘치시는 교수님..
159,"수업 자체는 빡빡하지는 않은 편이에요. 출석은 꼬박꼬박 부르십니다. 중간에 맞춤법 베껴쓰는 과제가 있는데, 미리미리 하시는 걸 추천... 생각보다 양이 많아요. 중간고사는 맞춤법 관련 시험입니다. 수업시간에 가르쳐주셨던 내용만 봤는데, 다 맞진 못했어요. 근데 꼼꼼히! 보시면 거의 다 맞출 수 있을 것 같아요. 중간고사 이후로 본격적인 글쓰기를 하는데... 자전소설이 메인 과제인데, 저는 생각보다 힘들었어요ㅠㅠ 어렸을 때 기억도 잘 안 나고 뭔가를 이끌어내는 것도 쉽지 않고... 그래도 잘 맞는 분들은 잘 쓰시더라고요... 저랑 좀 안 맞았나봐요ㅠㅠ 그래도 교수님께서 좋은 말씀들도 해주시고, 과제도 다른 교수님에 비하면 적은 편인 것 같아요. 학점은 딱 한 만큼 받은 것 같아요."
160,저는 정말 좋았어요. 중간 맞춤법시험도 좋은 성적 못받았고 평소 필력이 좋은 편도  아니었으나 기말문집에서 양으로 승부했어요! 그런데도 점수가 굉장히 좋았고 교수님께서 정말 저희에게 도움이 될만한 이야기도 많이 해주세요 정말 유쾌하고 좋은 수업이였어요
161,"평소에 맞춤법 자신 있다, 필력이 좀 있다  싶은 사람한테는 핵꿀강.수업 안 듣고 중간고사 공부 안 해도 시험 잘 볼 수 있음. 기말문집은 1차 초고 내고 교수님이랑 면담할 때 말씀해주시는 방향으로 수정해가면 학점 잘 나옴. 중간에 맞춤법 규정 베끼는 과제가 좀 오래 걸리고 힘들기는 하지만 아무 생각없이 노래 들으면서 쓰면 할만 함.그리고 발표하면 가산점 준다고 하시면서 발표 은근히 강조하시는데, 나는 발표고 뭐고 아무것도 안했는데 A+ 주셨음."
162,무난무난했음기말시험없어서 좋았고 최종문집 제출도 기한 넉넉히 줘서 수월히 마침학점도 그냥 무난하게 줌
163,교수님 정말 좋으신분입니다.. 가끔 과제 양이 좀 많다고 느껴질때도있어요( ex) 맞춤법규정 베껴쓰기). 하지만 수업 내용에 있어서는 배울점이 정말 많습니다. 학점은 중간고사로 나오는 맞춤법 시험이 꽤 변별력이 있는 것 같아요.
164,이 정보를 확인하기 위해 포인트를 사용하시겠습니까. 포인트를 사용하시겠습니까. 이 
165,이 정보를 확인하기 위해 포인트를 사용하시겠습니까. 포
166,"코딩 노베 기준으로 작성하면 너무 힘들다.이해가 잘 안되는 부분도 많고 과제랑 퀴즈가 매주 있으며 발표과제, 몇주에 한번씩 있는 추가과제 등등 할게 너무 많다. 개인적으로 학점은 2학점이지만 한주 수업 다 듣고 과제랑 퀴즈까지 마무리하면 4시간 이상은 걸린다. 코딩 노베니까 그런걸수도있지만."
167,수업 온라인 사전제작으로 편하게 듣는데 이정도 과제는 적당하다고 생각합니다. 이것도 안 하면 날로 먹겠다는거 말고 없음. 교수님 사람 되게 좋으시고 설명도 잘해주세요. 과제 금요일까지인게 조금 헷갈리긴하지만 뭐 교수님들끼리 합의했다하니 할 말은 없습니다. 한 10주차 전까지는 어려운 코딩도 없고 그 후도 수업들었으면 충분히 풀 수 있음. 교수님 수업 너무 좋아요! 배우고자하는 자에겐 최고의 수업. 학점은 안 나와서 모르겠습니다.
168,"ㅠㅠ 과제 너무 많아요.. 살려줘…가뜩이나 코딩 머리가 아닌데 과제도 많고 시험도 매주차 있는데다가, 내용도 어려우니 드랍하고 싶은 마음 참아가며 하고 있습니다. 졸업때문에 수강해야하는데 거의 전공과 맞먹는 수준의 시간을 할애해야하네요."
169,코딩에 대해 열린 마음으로 접근하면 배워갈게 많은 수업임근데 하기 싫다고 생각 조금만 해도 존나 버거워짐
170,교수님은 좋으신데 짜잘한 과제가 넘 많아여 할만 한데 매주 과제 있는 건 좀 그렇긴 해요
171,강의 시간이 길고 과제 진짜 많아요..진도도 빨리 나가서 노베가 들으면따라가기 버거워요.교수님은 착하신 거 같은데수업과 과제는 안착합니다.
172,친절하시고 쉽게 가르쳐주십니다.과제가 어렵다기보단 귀엽게 귀찮은 수준의 난이도라 시간이 오래 걸릴 뿐 편해요.
173,교수님 정말 친절하시고 학생들이랑 소통 많이 하시려고 노력하시는 게 보여서 정말 좋습니다! 중간중간 귀여운 이모티콘도 쓰시고 유머도 넣어주셔서 크게 지루하지도 않았습니다. 다른 컴사코 교수님들에 비해 과제같은 것도 쉬운 편인 것 같습니다만 과제가 정말 많은 건 사실입니다.
174,교수님은 좋은데 과목 특성상 들을 것도 많고 제출해햐 하는 것도 많아요… 시간이 조금 아까워요
175,할 과제가 진짜 너무 많아요. 아캠수업인데도 모든 수업 중에 젤 할게 많은거 같아요. 매주 과제에다 퀴즈 풀고 발표과제 2번에다 기말까지 진짜 너무 힘드네요. 근데 교수님은 진짜 좋으신 분임. 수업도 잘하시고
176,과제가 많다고 하는데 솔직히 다른 컴사코 교수님들과 비교하면 난이도가 매우 낮기 때문에 괜찮습니다. 매주 간단한 퀴즈가 있습니다~ 그리고 교수님이 강의도 쉽게 해주시고 강의력도 좋으셔서 컴사코에서 이 교수님이 걸리셨다면 그래도 잘 걸렸다고 말할 수 있을 것 같아요!
177,강평이 하나도 없어서 걱정했는데 교수님 진짜 스윗하십니다.. 과제가 좀 부담스럽긴 한데 컴사코 과목 특성상 어쩔 수 없다고 생각합니다ㅠㅠ
178,교수님이 친절하세요. 강의도 따라가기 쉬워요.
179,선생님은 친절하고 강의력도 좋으신데 매주 퀴즈랑 과제가 좀 귀찮습니다.. 그래도 귀찮은만큼 코딩에 대해 새로 배우는 것들이 많아요! 📚 과제만 좀 줄었으면 좋겠어요..
180,교수님 짱짱 친절하시고 좋으심..그치만 과제도 많고 내용도 어려우니 정말 열심히 해야함..🥲🥲
181,수업을 교수님이 너무 친절하게 해주셔서 좋앗어요 컴사코 들어야하ㅕㄴ 무조건 추천
182,던졌습니다. 교수님은 천사지만 짜잘한게 너무 많고 팀플도 있고 매주 퀴즈도 있습니다. 힘드네요ㅠ
183,너무 할게 많아요..뭐 다 그런지는 모겠디만 그래도 교수님은 좋으시고 퀴즈도 쉽게 내시는거 같아용 열심히 하시면 좋은 결과 있지 않을까 싶어요
184,교수님께서 너무나도 친절하시고 강의 분량이나 과제도 해결할 수 있는 수준에서 내주셔서 저는 개인적으로 너무 좋았습니다☺️ 코딩 완전 초보자 분들은 IDLE 기반으로 유튜브에서 강의를 듣고 예비 학습하고 오셔도 좋을 것 같아요!
185,교수님 강의 잘하세요!매주 조모임 플립드가 있는 게 좀 귀찮긴 하지만그 전 주에 과제하면서 공부 제대로 해놨다면 전혀 힘들지 않아요
186,교수님 영어 잘하셔서 국제어 강의인데도 이해하는데 불편함이 하나도 없습니다!! 교수님 강의력도 좋아요 과제는 일주일에 한 번씩 문제 풀어서 제출하면 됩니다.
187,수업 잘가르쳐주시고 영어 잘하셔서 좋으십니다.출석 안불러요
188,매주 수업 녹강이랑 질문받는 실강 있었고 강의력 좋아요
189,강의력은 좋으신데 매주 과제가 있어서 부담이 될 수 있음. 그래도 과제 덕분에 평소에 공부를 할 수 있어서 시험 때 부담은 적음
190,강의력은 좋으신데 강의 재탕이 좀 심한듯하다매주 복습차원 실강있음
191,"작년 강의를 올려주시지만 그럼에도 강의력이 좋으십니다! 최대한 이해할 수 있게 설명해주시고, 중요한 건 한국어로 설명해주시기도 합니다. 수업 열심히 들으시면 무난합니다!"
192,강의력은 엄청 좋으신 편영어로 하시지만 전혀 이해안되는 부분없이 설명을 잘 해주신다과제는 매주 있지만 부담될 정도는 전혀 아니며 강의만 열심히 들으면 1시간 안에 끝낼 수 있을 정도의 챕터문제 6-8개 정도시험 수준은 그렇게 어렵지 않으며 매주 과제에 시험기간 복습만 하면 충분히 a+ 나올 수 있음문제가 변별력이 있다고 생각될 만큼 어렵진 않았지만 생각보다 점수 분포가 촘촘하지 않아 자기만 잘하면 충분히 좋은 학점 받을 수 있을 정도
193,강의력 좋은편이시고 굉장히 친절 열정적이십니다 실강때 Q&A도 잘활용하시면 좋으실것같아요
194,진짜 잘 가르쳐주시는데 실강 안 해주셨음 좋겠당 ㅎ…
195,"강의력은 최고학교 입학하고 들은 교수님 중에 가장 꼼꼼하고 전달력 좋게 설명해주심매주 실강+강의 재탕은 조금 아쉽긴 하고,시험은 족보에서 거의 출제되는데 채점이 상당히 깐깐하신듯. 기말 평균 40점?정도 훌쩍 넘었는데 A0 받음."
196,"설명을 잘 해주세요. 뒤로 갈 수록 설명이 간단(?)해지신 경향이 있었는데, 앞부분은 정말 이해가 잘 되도록 설명해주세요. 그렇다고 뒷부분 설명 못해주시는건 아닙니다!!절대평가였고 학점도 잘 주십니다.과제는 솔루션 다 있어서 부담없이 할 수 있었습니다.전 웹엑스 열심히 들었는데, 출결을 진짜 체크하는지는 잘 모르겠어요 ㅎㅎ 그래도 도움되는 내용 알려주시고, 질의응답 가능하니 들으시는 걸 추천합니다.학생들 편의도 잘 봐주시는 교수님이에요!"
197,교수님이 학생들이 이해하는지 신경 정말 많이 써주심
198,좋네요 강의력은 최고인거 같아요 근데 문제는 그걸 다 알아서 잘하는 사람들이 너무 많아요
199,대학강의 중 유일하게 인강만큼 잘 떠먹여주시는 강의근데 시험이 기출에서 거의 다 나와서 성취도가 공정하게 평가가 안 되는 느낌이 강한 게 흠그리고 창문 종이 빌런들 죽인다 진짜
200,그냥 인강강사급...말이 필요없다 학생들과 소통하기를 좋아하시고 모르는 부분도 잘 알려주십니다
201,"강의력은 진짜 최고임. 앞에 1,2단원 설명이 기깔남. 학점은 그냥 공부하는 만큼 나오는듯 그리고 최대한 기출많이 돌리면 될듯"
202,강의력은 정말 좋으세요. ODE부터 라플라스까지는 정말 좋았습니다. 다만 9-10단원은 아무래도 미적2랑 겹쳐서 그런지 휙휙 지나가는 느낌이었어요. 단원이 쉬워서 크게 문제되진 않았습니다. 시험은 기출이랑 거의 똑같이 나오구요. 기출 열심히 보시면 됩니다. 다만 쁠은 잘 안달아주세요. 대충 기말 115점 이상 받고 과제 다 만점 받으시면 에이쁠인 것 같습니다
203,"매주 1시간 정도의 실시간 강의 1회 있고 보통 40분 안되는 강의 동영상이 2~3개 올라옵니다. 과제는 매주 6~8문제정도 매주 있습니다. 시험은 전범위 기말 한 번 있습니다.먼저 강의력이 정말 뛰어나십니다. ODE부터 라플라스까지는 교수님께서 교과서로만 이해하기 힘든 내용을 자세하고 친절하게 알려주십니다. 정말 많은 도움이 되었습니다...만 9~10단원은 미2에서 했던 내용이라 그런지 설명도 매우 짧고 불친절한 감이 있습니다. 강의력과는 별개로 강의 동영상 재탕이 심합니다.과제 채점 방식이 매우 특이한데, 조교님께서 자기 마음대로 어떤 문제는 10점 어떤 문제는 1점 이렇게 배점을 매기십니다. 따라서 과제를 충실히 해도 점수가 이상하리만큼 까일 때가 종종 있습니다. 참고로 솔루션에 가끔 오류가 있으니 그대로 베끼시면 안됩니다. 문제가 어렵지 않으니 직접 푸시는 걸 추천드립니다.시험은 8~90% 기출과 유사합니다. 기출+과제 열심히 푸시다 보면 시험 잘 보실 수 있습니다. 과제 점수 말아먹었는데 시험 조금 잘봤다고 A+ 받았네요. 학점은 꽤나 후하게 잘 주시는 것 같습니다."
204,기출 3~4번 돌리고 에이쁠 꺼억~개꿀빨고싶은사람들은 이 강의 들으시길
205,강의력은 좋으신데 강의 재탕이 매우매우 심하네요. 뒷부분은 아캠 업데이트도 되기전 약 5-6년 전꺼 올리시고 맥락없이 끊기는 것도 많았어요. 학점도 쁠은 잘 안채워주시는 느낌..
206,강의 재탕하는 게 좀 괘씸함. 그래도 강의력은 정말 좋다. 시험은 그냥 기출에서 다 나옴.
207,"이 교수님만큼 강의력이 좋은 교수님은 2학년 전까지 처음이다. 수업의 기승전결 요약까지 하나의 알찬 강의를 매주 제공해주신다.하지만 과제가 많고, 과제/시험에서 부분점수감점이 많다. 주의해서 공부하면 좋은성적을 받을 수 있다"
208,기출있으면 학점 잘나옴. 하지만 전개년 기출 다 구하는게 쉽지만은 않음.
209,매주 과제있지만 부담ㄴ중간 없이 기말 한 방기말은 기출보면 잘칠수있음
210,"수업 자체는 조금 오래된 예전 강의이긴 합니다만, 강의력 자체는 정말 나무랄 데가 없습니다.... 설명도 잘하시고 영어도 깔끔하십니다. 일주일에 한 번씩 실시간 강의 하셨는데 질문 받아주시는 열정도 많으십니다. 다만 시험은 기출 그 자체...어떻게든 구해서 보시면 성적은 괜찮게 나오실 거예요"
211,"이  강의를 듣는자..  기출 없이는 시험 볼 생각도 하지마라ㅋㅋ그냥 수업이 어떻고 떠나서, 한번 있는 기말 시험 잘보면 학점 잘 받을 수 있음. 기출을 풀고 과제도 너무 솔루션 그대로 베끼지만 마삼"
212,강의 잘 하시는데 너무 오래된 강의 올려주시는 점은 좀 그랬음 기말 한번인데 그냥 기출 그 자체임ㅋㅋ
213,밑에 강의 우려먹는다 하는데 개인적으로는 필요한부분만 다듬어주시고 사족 다 짜르고 올려주시니까 좋았음 강의 짧고 요약 잘되어있음실강에서 너무 열정적이셔서 부담스럽기도 하고 감사하기도 했음더 많이 더 잘 알려주고 싶어하시는 마음이 느껴짐
214,수업 진짜 잘하십니당~ 학점은 아직 안 나왔지만 우리를 이해시키려고 항상 노력해주십니다 실시간 강의 때는 질문 하나하나 답변해주시고 좋아요
215,교수님 친절하시고 강의력도 상당히 좋으심. 영어로 대부분 설명해주시지만 한국어로 마지막에 정리해주셔서 머릿속에 잘 박힘
216,기험문제 다 기출에서 출제됩니다 기출열심히 하세요
217,과제는 매주 있고 시험은 기말 한 번 봤어요 기출 잘 보시면 될거같구요 교수님은 정말 좋으십니다!
218,아무리 영어잘하고 강의력좋아도 4-5년전 강의를 아직도 우려먹고 월급잡수시는건 좀 괘씸하제;;
219,"아직 기말을 봐야 알겠지만교수님 수업 내용은 진짜 좋으시다.책보다 훨씬 자세하고 쉽게 가르쳐 주신다.1.6배속으로 들으면 딱 맞다. 과제는 무조건 직접 풀고, 솔루션이랑 맞춰봐라솔루션 답이 틀릴 때가 종종 있음그리고 솔류션 틀린 답이 배점이 높더라 미리미리 공부 해 놓는게 좋다, vector calculus야 벼락치기 해도 ㄱㅊ겠지만ODE랑 라플라스는 시험 바로 바로 적용하려면, 벼락치기로는 힘들지 않을까.열심히 한 만큼 얻어가는 수업인거 같다."
220,이 정보를 확인하기 위해 포인트를 사용하시겠습니까
221,봉사 15시간에 보고서 작성만 하면 끝. 이만한 pf수업 없습니다
222,봉사시간 15시간 채우고 보고서 작성만하면 p받음 나름 꿀강
223,졸업요건 채울 김에 봉사시간 채우면 됨 교수님이 최대한 패스 주시려고 기한 늘려주시고 그럽니다
224,봉사도 하고 학점도 채우고 인성품 채우시려면 꼭 이수업 들으세요!!
225,너무 좋았습니다 ㅎㅎ 봉사만 이수하면 돼서 편했습니다
226,"진짜 너무 편한 강의였습니다. 저장강의 4번 출석하고, 봉사활동 인증서, 봉사 활동 감상문?만 제출하시면 패스 됩니다."
227,인성품 생각하고 들은 과목.봉사시간은 일주일에 다 끝낼 수 있을정도.
228,인성품도 따고 1학점도 얻는 강의였어서 만족하며 수강함. 봉사는 미리미리 자리 있고 여유로운 타이밍에 하기
229,봉사 시간 채우고 1학점 따기 좋은 수업입니다.
230,봉사시간도 채울 수 있고 무리없는 수업입니다! 좋아요 !!
231,하는 김에 인성품도 채울 수 있고 정해진 봉사량만 채우고 보고서 쓰면 p 받습니다
232,굿 봉사시간만 채우면 1학점 받아갑니다 좋아요
233,봉사만 하고 간단히 보고서 작성만 하면 돼서 편해요
234,인성품도 채우고 학점도 채우는데 좋은 강의입니다. 이번 학기에 인성품을 채우겠다 라는 생각을 가지신 분들은 이거 들으시면 됩니다.
235,코로나라 봉사시간은 15시간만 채우면 되고 사전강의 4개 올라오는데 그중에 3개 이상만 들으면 출석 인정입니다. 봉사 하시고 간단한 레포트 한장만 작성하시면 되는 1학점 채우기엔 제격인 꿀강의!!
236,코로나학기여서 봉사시간 15시간만 채우고 마지막에 봉사 시간 확인증 그리고 짧은 소감 쓰는 레포트만 제출하면 끝이였어요! 진짜 이것보다 꿀강이 있을 수 X … 코로나 끝나기전에 꼭 들으세요 봉사시간도 챙기고 학점도 챙기는 개꿀강의
237,개꿀 그냥 봉사만하면 됨 봉사하고 걍 보고서 대충 뚝딱 써 그냥 일기쓰듯이 그럼 되는거야
238,코로나학기라 과제봉사시간이 절반이라 좋았습니다 인정 안 되는 봉사가 있긴 했으나 그래도 활동 찾는 게 어렵지는 않았고 간단한 봉사가 걸러지니 최종 보고서 작성도 더 쉬웠습니다 보고서도 분량 정말 적어요 어차피 졸업할 때까지 봉사 시간 채워야하는데 봉사하면서 학점도 딸 수 있으니 추천합니당
239,코로나라 봉사시간도 많이 안채워도 되고 수업도 그냥 스밍 돌리면 됩니당. 개꿀강~
240,시간만 미리미리 채워놓으시면 편하게 1학점 받을 수 있습니다~ 어차피 인성품 때문에 채워야하는거 1학점 받고 채우세요
241,미리미리 봉사시간 채워두세요...ㅜ 막판에 채우기 힘들어요
242,"코로나 학기 기준으로 봉사시간 15시간 채우고 강의 다 듣고 활동 보고서 하나 쓰면 통과입니다. 봉사 기준은 학기 시작일 이후만 가능하고 사회봉사만 가능해서 도서관 봉사, 헌혈 이런건 안되고 노인복지시설, 장애인복지시설 위주만 되는 것 같아요. 강의는 15주 중에 4~5주만 존재해 부담은 없었습니다. 학점 채우시고 동시에 인성품 채우기 최고!"
243,피엪 중에 젤 무난하지 않나 싶음 4주만 강의 틀어놓고 봉사시간 채우면 패스 뜸 차피 인성품 채울 겸 하면 개꿀
244,어차피 봉사활동도 해야하니 1학점 남고 시간도 좀 있으면 듣는걸 추천합니다
245,개꿀이에요 봉사시간 채우고 할거 없어요 학점남으면 신청하세요
246,개굿 걍 사회봉사론 같음 딱히 평가할게 없음 ..!!출결은 매주 강의 올라오는지만 확인하고 배속 돌리면 됨봉사는 학기초에 널널할때 한꺼번에 해두면 편함
247,솔직히 1학점 남으면 개추천! 출석도 코로나 학기 기준 네번만 하면 되고 봉사 15시간인데 법정의무교육 2시간 인정해줘서 수월하게 햇따! 듣게 되시면 개강 초+중간고사 끝난 뒤 로 계획 잘 짜셔서 봉사 다녀오셔요 안 그럼 나중에 기말고사기간에 괜히 시간 뺏길 수도
248,"겸사 겸사 봉사도 하고 학점도 채우고, 봉사 학기초에 여유롭고 편하게 해서 좋았습니다 강의 그냥 틀어놓고 봉사 미리미리 하세요"
249,사봉론 꿀강인건 아시죠? 근데 vms만 가능하니까 잘 보고 신청하세요 교수마다 다릅니다
250,걍 친구랑 같이 듣기로 해서 같이 봉사활동 하면 같이 만나서 놀 명분 생겨서 좋았아요
251,정직하게 네번의 수업과 15시간의 봉사활동으로만 평가받습니다. 심지어 수업은 회당 30분정도라 어렵지 않습니다.
252,시간 미리 채우면 저처럼 종강할때쯤 힘든일은 없을겁니다
253,미리미리하자! 나처럼 마지막주에 다 하지 말고
254,강의 스밍 돌리시고봉사만 미리 하셔서 시간 채워놓으신 다음에(막바지에 하면 봉사시간 늦게 들어올까 노심초사하게 돼서 힘듭니다)제출 마감일 즈음 돼서 보고서 대충 쓴 다음에 제출하면 1학점 가져갈 수 있는 수업입니다(봉사 신청서는 안 내도 됩니다)
255,코로나라 15시간만 채우면 됐어요~ 강의 4개만 들으면 됩니다
256,솔직히 은근 제일 스트레스 받은 과목.. 흑🤦🏻🥲봉사 찾아서 해야한다는 부담감이 한 학기 내내 있었지만 그래도 15시간 채웠네요.. ㅎㅎ덕분에 봉사는 미리미리 할 수 있었던 것 같아용👍🏻☺️
257,코시국에 수강하시고 1학점 꽁으로 따가세요 근데 봉사 미리미리 해 두셔야 함 나중에 학기말 가면 바빠서 못함
258,코로나 기간이라 더 좋은 수업. 어차피 봉사해야되는데 학점도 따는 느낌이라 더 좋아요. 대신 봉사는 학기 초 널널할 때 미리 해두세요!! 몰아서 하다가 죽을 뻔…
259,"인성품 봉사시간 채우실 계획이시면 이 과목이 꽤나 도움이 됩니다. 특히 코로나로 15시간만 채우면 되고, 이 중 몇시간 정도는 법정의무교육이나 교내봉사활동으로도 채우실 수 있습니다."
260,코로나라 15시간만 채워도 p받을수있습니다! 1학점용으로 좋아요
261,1학점 채우기 + 신3품 채우기 용으로 최고다만 봉사 미리 안하면 나중에 시간 급하게 채우려고 고생함 ㅠㅠ 학기초에 미리미리 채우는거 추천
262,1학점 남으시면 들으세요!! 코로나때문에 15시간만 채우면 됩니다! 추천해요
263,일학점 남으면 들으세요 그냥은 봉사하러 안 다닐 거 같은데 그나마 이거 들어서 채웠네요
264,어차피 해야 할 봉사에 1학점도 받기 좋음. 근데 학기초에 하는 게 좋을 것 같다 시험기간에 봉사하다가 힘들었다...
265,"15시간 봉사와 봉사 전 후 신청서, 소감문 간단히 쓰면 끝나요. 소감문은 질문있는 거에 간단히 답하면 되는 수준입니다."
266,어차피 봉사시간 채워야 하니까 좋은 과목인 것 같아요!! 근데 봉사 미리미리 해 두셔야 합니다 아님 학기말에 너무 힘들어져요
267,어차피 해야하는 봉사인데 학점까지 받을 수 있으니까 아주 좋은 과목입니당
268,학점 날먹..!!!!코로나 학기라 봉사ㅜ15시간이고교내봉사도 인정해줘서 지금이 딱 듣기 좋은 적기임
269,꿀강그자체..ㅜㅜ 꼭들으세요!!!!!!!!!
270,미리미리 봉사하세요!!  코로나 학기라 15시간만 하면돼서 좋았습니다
271,ㄹㅈㄷ 꿀강 요즘 코로나라 명부작성 체온측정 많은데 그거 15시간 채우고 1학점 가져가세요
272,저처럼 종강 전전날까지 봉사 다니시지 마시고 미리미리 채운다면 꿀인 과목이에요!!
273,꿀강 ㄹㅈㄷ임15시간만 채우면 1학점 나옴
274,총 15시간만 하면 돼서 나름 꿀강입니다봉사 미루지 말고 미리미리 해놔야 맘 편해요
275,그냥 봉사시간만 채우면 되는거라 쉽다. 빨리 해놓지 않으면 기말고사 준비를 방해하니 조심.
276,"밑에 분들 말씀이 맞습니다. 어차피 봉사시간 채울거, 학점도 취득하면서 하는게 낫습니다. 그리고 코로나 시국이라고 봉사활동 적다는 이야기도 있던데, 개인적으로는 잘 모르겠습니다. 코로나 이전처럼 봉사활동 쉽게 찾았고, 게다가 코로나때는 15시간만 들으면 되니 수월했습니다. 그리고 교수님이 답장 친절히 해주시고 빠릅니다."
277,개꿀띠 어차피 인성품 채워야하는거 1학점 남으면 이 강의 들으면서 챙기세요 봉사 자꾸 미루게되는데 이거 수강이라도 하면 f안받을라고 꾸역꾸역 하게됩니다 특히 들으실거면 나중에 30시간 채워야할때 듣지 마시고 코로나 학기 15시간만 채우면 될때 들으세요 지금 상황 보니 내년 1학기까지는 쭉 똑같을거같아요 특히 이번학기에는 학교에서 강제로 온라인으로 전교생 수강하라고 한거랑 자율적으로 비교과영역 신청해서 봉사시간 1시간 주는거 이렇게 2시간은 꽁으로 채울 수 있어서 실질적으로 13시간만 봉사하면 됐습니다
278,그냥 15시간 채우면 되는 수업..편합니다! 어차피 인성품 채울거.. 들으시는거 추천합니다 :>
279,봉사시간 15시간만 채우면 돼서 편해요. 답변도 빨리 주시고 교수님 친절하십니다~
280,봉사시간 15시간채우면되고 교수님에게 문의하는 거 답변도빠름
281,봉사시간 15시간만 채우면 됩니당 !!! Vms로 연동해서 하면 돼여!!
282,강의수도 3개밖에없고 봉사시간채우고 보고서제출하는 건데 학기초에 다알려주셔서  초반에 널널할때 채우면 그냥 패스받습니다 친절하십니다
283,봉사 15시간만 채우면 돼서 꿀이에요 그런데 미리미리 안하면 막판에 너무 힘드니 꾸준히 해놓으세요
284,코로나때문에 15시간 채워야함 진짜 학기 초에 채우는거 추천
285,코로나 학기 덕분에 15시간으로 수월하게 패스 가능했음.30시간이라면 꽤 귀찮았을 듯
286,그냥 듣기 무난무난하고 좋은 수업입니다!!!
287,강의도 별로 없고 15시간만 채우면 돼요! 제발 들으세요
288,코로나 학기라 봉사 15시간만 채운 다음 보고서 제출하시면 돼요!! 완전 꿀강입니다!
289,코로나 시국이라 개 꿀이에요 15시간만 채우면 되어서 빨리빨리 신청하세요!
290,꿀이에요 아직 다 안들었지만 코로나학기엔 15시간만 들으니까 너무 좋아요~
291,코로나로 봉사시간 15시간만 채우면 돼서 너무 좋습니다@@@
292,코로나 때문에 봉사시간이 15시간으로 줄었어요! 교수님도 친절하세요.
293,봉사시간만 채우면 돼요. 근데 진짜 학기 초에 빨리 끝내는것 추천.
294,일학점 따기 꿀이다! 어차피 봉사할거 이거 듣고 강제성도 얻고 일학점도 받자.
295,코로나라 봉사시간 15시간만 채우시고 보고서 제출하시면 p 받을 수 있어요!
296,어짜피 봉사시간 채워야하니깐 듣는것도 좋은 선택이듯
297,아캠 쪽지 피드백도 굉장히 빠릅니다!다음날 답장 바로바로!!
298,꿀강이에요...하지만 내 몸이 안움직여서 봉사를 잘 안하더라구요 ㅎㅎ
299,코로나로 봉사시간 15시간으로 줄어서 꿀입니다. 코로나학기에 들어야 합니다 무조건.
300,개꿀강입니다. 코로나 때문에 강의 좀 출석하고 봉사시간 15시간만 채우면 P 주십니다. 1학점 꿀로 가져갈 수 있는 강의!!! 교수님도 엄청 친절하시고 나이스하십니다! 어차피 인성품 채워야 해서 봉사해야할 거 같이 1학점도 가져가시죠!
301,"교수님 정보가 없었어서 도박이라 생각하고 신청했던 새내기인데 교수님 목소리도 넘 좋으시고 친절하세요,,,!♡"
302,코로나 학기라서 15시간 만 채워도 pf 인정해주네여학점도 채우고 인성품 봉사시간도 채우고 개꿀~
303,교수님이랑 소통도 너무 잘되고 착하셔서 너무 좋습니다. 꼭 들으세요!!
304,어차피 봉사해야 할 거 코로나라 15시간만 하면 되고(이 점은 추후 바뀔수도있음) 1학점도 채우니 정말 추천드려요! 다만 학기중에 봉사하는것도 은근 부담일 수 있으니 한가할 때 하루이틀 시간내서 미리 해주셔야 부담없을거에요!
305,어차피 인성품 채워야 될 거 사봉론 신청해서 학점도 같이 채우는 거 추천합니다. pf라 부담도 없구요
306,코로나 일 때 빨리 들어놓으십시오 지금 아니면 안팝니다
307,1학점채우시며ㄴ서 봉사하세요 교수님도 너무 친절하시고 좋아요
308,사봉론은 이거 들으시면 해결!봉사랑 인성품까지 챙길 수 있어요
309,코로나. 15시간. 개꿀입니다!!!! 게다가 보고서도 2쪽 내외로만 쓰면 끝이라 진짜 너무 좋아요ㅜㅜ 꼭 신청하세요!!!!!
310,개꿀~입니다~ 피에프라 15시간만 채우면됨~
311,그저 빛인 교수님.강의는 3주차까지 30분정도 되는 강의만 들으면 되고 봉사만 해서 vms인증서만 있으면 패스라 인성품 채우는 김에 하면 됨. 심지어 코로나 때문에 30시간에서 15시간으로 줄여주심.
312,1학점도 채우고 봉사시간(인성품) 도 채우고 너무 좋은 강의입니다.교수님께서 인증되는 봉사가 맞는지 친절하게 확인도 해주셔요 ㅎㅎ
313,코로나 학기라 봉사시간 15시간만 채우면 됐습니다. 봉사기관과 관련해서도 꼼꼼하게 설명해주시고 피드백도 주셨어요!
314,코로나 때문에 15시간만 채우면 됐어요. 교수님게 질문드렸는데 친절하게 답변해주셔서 정말 좋았어요!
315,"코로나 학기라 봉사시간 15시간만 채우면 됐고, 봉사관련해서 교수님께 여쭤보면 친절하게 답변해주십니다"
316,원래 30시간 해야 하는데 코로나라서 15시간으로 줄여주셨어요! 매 수업 시간에 강의내용 변동 사항 알려주셔서 공지 잊을 일이 없어서 좋아요
